CREATE DATABASE  IF NOT EXISTS `ogcu` /*!40100 DEFAULT CHARACTER SET utf8 */;
USE `ogcu`;
-- MySQL dump 10.13  Distrib 5.6.24, for Win64 (x86_64)
--
-- Host: localhost    Database: ogcu
-- ------------------------------------------------------
-- Server version	5.6.26-log

/*!40101 SET @OLD_CHARACTER_SET_CLIENT=@@CHARACTER_SET_CLIENT */;
/*!40101 SET @OLD_CHARACTER_SET_RESULTS=@@CHARACTER_SET_RESULTS */;
/*!40101 SET @OLD_COLLATION_CONNECTION=@@COLLATION_CONNECTION */;
/*!40101 SET NAMES utf8 */;
/*!40103 SET @OLD_TIME_ZONE=@@TIME_ZONE */;
/*!40103 SET TIME_ZONE='+00:00' */;
/*!40014 SET @OLD_UNIQUE_CHECKS=@@UNIQUE_CHECKS, UNIQUE_CHECKS=0 */;
/*!40014 SET @OLD_FOREIGN_KEY_CHECKS=@@FOREIGN_KEY_CHECKS, FOREIGN_KEY_CHECKS=0 */;
/*!40101 SET @OLD_SQL_MODE=@@SQL_MODE, SQL_MODE='NO_AUTO_VALUE_ON_ZERO' */;
/*!40111 SET @OLD_SQL_NOTES=@@SQL_NOTES, SQL_NOTES=0 */;

--
-- Table structure for table `areas`
--

DROP TABLE IF EXISTS `areas`;
/*!40101 SET @saved_cs_client     = @@character_set_client */;
/*!40101 SET character_set_client = utf8 */;
CREATE TABLE `areas` (
  `id` tinyint(4) NOT NULL AUTO_INCREMENT,
  `name` varchar(2) NOT NULL,
  `description` varchar(45) NOT NULL,
  PRIMARY KEY (`id`),
  UNIQUE KEY `name_UNIQUE` (`name`)
) ENGINE=InnoDB AUTO_INCREMENT=5 DEFAULT CHARSET=utf8;
/*!40101 SET character_set_client = @saved_cs_client */;

--
-- Dumping data for table `areas`
--

LOCK TABLES `areas` WRITE;
/*!40000 ALTER TABLE `areas` DISABLE KEYS */;
INSERT INTO `areas` VALUES (1,'A','Ciencias e Ingenieria'),(2,'B','Ciencias de la Salud'),(3,'D','Ciencias Sociales y Politicas'),(4,'C','Ciencias Economicas');
/*!40000 ALTER TABLE `areas` ENABLE KEYS */;
UNLOCK TABLES;

--
-- Table structure for table `clasifications`
--

DROP TABLE IF EXISTS `clasifications`;
/*!40101 SET @saved_cs_client     = @@character_set_client */;
/*!40101 SET character_set_client = utf8 */;
CREATE TABLE `clasifications` (
  `id` smallint(6) NOT NULL AUTO_INCREMENT,
  `student_data_id` mediumint(9) NOT NULL,
  `courses_id` int(11) NOT NULL,
  `status_id` tinyint(4) NOT NULL,
  PRIMARY KEY (`id`),
  KEY `fk_clasifications_student_data1_idx` (`student_data_id`),
  KEY `fk_clasifications_courses1_idx` (`courses_id`),
  KEY `fk_clasifications_status1_idx` (`status_id`),
  CONSTRAINT `fk_clasifications_courses1` FOREIGN KEY (`courses_id`) REFERENCES `courses` (`id`) ON DELETE NO ACTION ON UPDATE NO ACTION,
  CONSTRAINT `fk_clasifications_status1` FOREIGN KEY (`status_id`) REFERENCES `status` (`id`) ON DELETE NO ACTION ON UPDATE NO ACTION,
  CONSTRAINT `fk_clasifications_student_data1` FOREIGN KEY (`student_data_id`) REFERENCES `student_data` (`id`) ON DELETE NO ACTION ON UPDATE NO ACTION
) ENGINE=InnoDB AUTO_INCREMENT=1658 DEFAULT CHARSET=utf8;
/*!40101 SET character_set_client = @saved_cs_client */;

--
-- Dumping data for table `clasifications`
--

LOCK TABLES `clasifications` WRITE;
/*!40000 ALTER TABLE `clasifications` DISABLE KEYS */;
INSERT INTO `clasifications` VALUES (3,1,1,1),(4,1,2,3),(5,1,3,3),(6,2,1,1),(7,2,2,2),(8,2,3,3),(9,2,7,2),(10,2,8,2),(11,3,1,2),(12,3,2,2),(13,3,7,2),(14,3,8,2),(15,3,3,2),(16,4,1,1),(17,4,2,2),(18,4,3,1),(19,4,7,3),(20,4,8,3),(21,5,1,2),(22,5,2,2),(23,5,3,3),(24,5,4,3),(25,5,5,3),(26,5,6,2),(27,6,1,3),(28,6,2,2),(29,6,3,3),(30,6,4,2),(31,6,5,2),(32,6,6,1),(33,7,1,1),(34,7,2,3),(35,7,3,3),(36,7,4,2),(37,7,5,1),(38,7,6,1),(39,8,1,3),(40,8,2,2),(41,8,3,3),(42,8,4,3),(43,8,5,1),(44,8,6,3),(45,9,1,1),(46,9,2,2),(47,9,3,3),(48,9,4,3),(49,9,5,1),(50,9,6,2),(51,10,1,1),(52,10,2,3),(53,10,3,3),(54,10,4,2),(55,10,5,1),(56,10,6,1),(57,11,1,2),(58,11,2,3),(59,11,3,1),(60,11,7,2),(61,11,8,3),(62,117,1,3),(63,117,2,3),(64,117,3,3),(65,117,4,3),(66,117,5,3),(67,117,6,3),(68,117,7,3),(69,117,8,3),(70,117,9,3),(71,117,10,3),(72,117,11,3),(73,117,12,2),(74,117,13,3),(75,117,14,3),(76,117,15,3),(77,117,16,3),(78,117,17,3),(79,117,18,3),(80,117,19,3),(81,117,20,3),(82,117,21,3),(83,118,1,3),(84,118,2,3),(85,118,3,3),(86,118,4,3),(87,118,5,3),(88,118,6,2),(89,118,7,3),(90,118,8,3),(91,118,9,3),(92,118,10,2),(93,118,11,3),(94,118,12,3),(95,118,13,2),(96,118,14,2),(97,118,15,2),(98,118,16,1),(99,118,17,3),(100,118,18,3),(101,118,19,3),(102,118,20,3),(103,118,21,2),(104,119,1,1),(105,119,2,1),(106,119,3,1),(107,119,4,1),(108,119,5,1),(109,119,6,2),(110,119,7,3),(111,119,8,3),(112,119,9,3),(113,119,10,1),(114,119,11,1),(115,119,12,1),(116,119,13,2),(117,119,14,1),(118,119,15,2),(119,119,16,1),(120,119,17,2),(121,119,18,2),(122,119,19,3),(123,119,20,3),(124,119,21,2),(125,120,1,3),(126,120,2,2),(127,120,3,3),(128,120,4,3),(129,120,5,3),(130,120,6,3),(131,120,7,3),(132,120,8,3),(133,120,9,3),(134,120,10,3),(135,120,11,3),(136,120,12,2),(137,120,13,3),(138,120,14,3),(139,120,15,3),(140,120,16,3),(141,120,17,3),(142,120,18,3),(143,120,19,3),(144,120,20,3),(145,120,21,3),(146,121,1,2),(147,121,2,2),(148,121,3,3),(149,121,4,3),(150,121,5,3),(151,121,6,3),(152,121,7,3),(153,121,8,3),(154,121,9,3),(155,121,10,3),(156,121,11,3),(157,121,12,3),(158,121,13,3),(159,121,14,3),(160,121,15,3),(161,121,16,3),(162,121,17,3),(163,121,18,3),(164,121,19,3),(165,121,20,2),(166,121,21,3),(167,122,1,2),(168,122,2,2),(169,122,3,3),(170,122,4,3),(171,122,5,3),(172,122,6,2),(173,122,7,2),(174,122,8,2),(175,122,9,3),(176,122,10,2),(177,122,11,1),(178,122,12,3),(179,122,13,3),(180,122,14,3),(181,122,15,2),(182,122,16,1),(183,122,17,2),(184,122,18,3),(185,122,19,3),(186,122,20,3),(187,122,21,3),(188,123,1,3),(189,123,2,2),(190,123,3,3),(191,123,4,3),(192,123,5,3),(193,123,6,3),(194,123,7,3),(195,123,8,2),(196,123,9,3),(197,123,10,3),(198,123,11,3),(199,123,12,3),(200,123,13,2),(201,123,14,3),(202,123,15,2),(203,123,16,1),(204,123,17,3),(205,123,18,3),(206,123,19,3),(207,123,20,3),(208,123,21,3),(209,124,1,2),(210,124,2,2),(211,124,3,3),(212,124,4,3),(213,124,5,3),(214,124,6,2),(215,124,7,2),(216,124,8,3),(217,124,9,2),(218,124,10,1),(219,124,11,2),(220,124,12,3),(221,124,13,1),(222,124,14,2),(223,124,15,1),(224,124,16,1),(225,124,17,2),(226,124,18,2),(227,124,19,3),(228,124,20,3),(229,124,21,3),(230,125,1,3),(231,125,2,2),(232,125,3,3),(233,125,4,3),(234,125,5,3),(235,125,6,2),(236,125,7,2),(237,125,8,3),(238,125,9,3),(239,125,10,2),(240,125,11,2),(241,125,12,3),(242,125,13,2),(243,125,14,2),(244,125,15,2),(245,125,16,1),(246,125,17,3),(247,125,18,3),(248,125,19,3),(249,125,20,3),(250,125,21,3),(251,126,1,2),(252,126,2,3),(253,126,3,1),(254,126,4,2),(255,126,5,3),(256,126,6,3),(257,126,7,2),(258,126,8,2),(259,126,9,3),(260,126,10,3),(261,126,11,1),(262,126,12,3),(263,126,13,1),(264,126,14,2),(265,126,15,1),(266,126,16,3),(267,126,17,3),(268,126,18,2),(269,126,19,3),(270,126,20,3),(271,126,21,3),(272,127,1,3),(273,127,2,2),(274,127,3,3),(275,127,4,3),(276,127,5,3),(277,127,6,3),(278,127,7,3),(279,127,8,3),(280,127,9,3),(281,127,10,3),(282,127,11,3),(283,127,12,3),(284,127,13,3),(285,127,14,3),(286,127,15,3),(287,127,16,3),(288,127,17,3),(289,127,18,3),(290,127,19,3),(291,127,20,3),(292,127,21,3),(293,128,1,1),(294,128,2,2),(295,128,3,3),(296,128,4,3),(297,128,5,1),(298,128,6,2),(299,128,7,3),(300,128,8,3),(301,128,9,2),(302,128,10,3),(303,128,11,2),(304,128,12,3),(305,128,13,1),(306,128,14,2),(307,128,15,3),(308,128,16,1),(309,128,17,2),(310,128,18,3),(311,128,19,3),(312,128,20,3),(313,128,21,3),(314,129,1,3),(315,129,2,1),(316,129,3,3),(317,129,4,3),(318,129,5,3),(319,129,6,3),(320,129,7,3),(321,129,8,3),(322,129,9,3),(323,129,10,3),(324,129,11,3),(325,129,12,2),(326,129,13,3),(327,129,14,3),(328,129,15,3),(329,129,16,3),(330,129,17,3),(331,129,18,3),(332,129,19,3),(333,129,20,3),(334,129,21,3),(335,130,1,3),(336,130,2,2),(337,130,3,3),(338,130,4,3),(339,130,5,3),(340,130,6,2),(341,130,7,3),(342,130,8,3),(343,130,9,2),(344,130,10,2),(345,130,11,3),(346,130,12,3),(347,130,13,2),(348,130,14,1),(349,130,15,1),(350,130,16,1),(351,130,17,3),(352,130,18,3),(353,130,19,3),(354,130,20,3),(355,130,21,3),(356,131,1,1),(357,131,2,1),(358,131,3,1),(359,131,4,1),(360,131,5,1),(361,131,6,3),(362,131,7,3),(363,131,8,3),(364,131,9,3),(365,131,10,1),(366,131,11,1),(367,131,12,1),(368,131,13,2),(369,131,14,1),(370,131,15,1),(371,131,16,1),(372,131,17,3),(373,131,18,1),(374,131,19,1),(375,131,20,3),(376,131,21,2),(377,132,1,3),(378,132,2,2),(379,132,3,3),(380,132,4,3),(381,132,5,3),(382,132,6,1),(383,132,7,2),(384,132,8,3),(385,132,9,3),(386,132,10,3),(387,132,11,3),(388,132,12,3),(389,132,13,3),(390,132,14,1),(391,132,15,1),(392,132,16,3),(393,132,17,3),(394,132,18,3),(395,132,19,3),(396,132,20,3),(397,132,21,3),(398,133,1,3),(399,133,2,2),(400,133,3,2),(401,133,4,2),(402,133,5,3),(403,133,6,3),(404,133,7,3),(405,133,8,2),(406,133,9,3),(407,133,10,3),(408,133,11,3),(409,133,12,3),(410,133,13,3),(411,133,14,2),(412,133,15,2),(413,133,16,3),(414,133,17,2),(415,133,18,2),(416,133,19,3),(417,133,20,3),(418,133,21,3),(419,134,1,3),(420,134,2,2),(421,134,3,3),(422,134,4,3),(423,134,5,3),(424,134,6,3),(425,134,7,3),(426,134,8,3),(427,134,9,3),(428,134,10,3),(429,134,11,3),(430,134,12,2),(431,134,13,3),(432,134,14,2),(433,134,15,3),(434,134,16,3),(435,134,17,3),(436,134,18,3),(437,134,19,3),(438,134,20,3),(439,134,21,3),(440,135,1,2),(441,135,2,2),(442,135,3,2),(443,135,4,2),(444,135,5,3),(445,135,6,2),(446,135,7,2),(447,135,8,2),(448,135,9,3),(449,135,10,1),(450,135,11,2),(451,135,12,3),(452,135,13,1),(453,135,14,3),(454,135,15,3),(455,135,16,3),(456,135,17,3),(457,135,18,2),(458,135,19,3),(459,135,20,3),(460,135,21,3),(461,136,1,2),(462,136,2,2),(463,136,3,3),(464,136,4,3),(465,136,5,2),(466,136,6,3),(467,136,7,3),(468,136,8,3),(469,136,9,3),(470,136,10,3),(471,136,11,2),(472,136,12,3),(473,136,13,3),(474,136,14,1),(475,136,15,1),(476,136,16,1),(477,136,17,3),(478,136,18,3),(479,136,19,3),(480,136,20,3),(481,136,21,2),(482,137,1,3),(483,137,2,2),(484,137,3,3),(485,137,4,3),(486,137,5,3),(487,137,6,3),(488,137,7,3),(489,137,8,3),(490,137,9,3),(491,137,10,2),(492,137,11,2),(493,137,12,3),(494,137,13,1),(495,137,14,1),(496,137,15,3),(497,137,16,1),(498,137,17,3),(499,137,18,3),(500,137,19,3),(501,137,20,3),(502,137,21,1),(503,138,1,3),(504,138,2,3),(505,138,3,3),(506,138,4,3),(507,138,5,2),(508,138,6,2),(509,138,7,3),(510,138,8,3),(511,138,9,3),(512,138,10,1),(513,138,11,2),(514,138,12,3),(515,138,13,2),(516,138,14,2),(517,138,15,2),(518,138,16,1),(519,138,17,3),(520,138,18,3),(521,138,19,3),(522,138,20,3),(523,138,21,2),(524,139,1,2),(525,139,2,2),(526,139,3,3),(527,139,4,3),(528,139,5,3),(529,139,6,1),(530,139,7,2),(531,139,8,2),(532,139,9,2),(533,139,10,3),(534,139,11,2),(535,139,12,3),(536,139,13,2),(537,139,14,1),(538,139,15,1),(539,139,16,1),(540,139,17,3),(541,139,18,2),(542,139,19,3),(543,139,20,3),(544,139,21,3),(545,140,1,3),(546,140,2,2),(547,140,3,2),(548,140,4,3),(549,140,5,3),(550,140,6,3),(551,140,7,2),(552,140,8,3),(553,140,9,3),(554,140,10,3),(555,140,11,2),(556,140,12,3),(557,140,13,3),(558,140,14,2),(559,140,15,3),(560,140,16,1),(561,140,17,3),(562,140,18,3),(563,140,19,3),(564,140,20,3),(565,140,21,3),(566,141,1,2),(567,141,2,2),(568,141,3,3),(569,141,4,2),(570,141,5,2),(571,141,6,2),(572,141,7,2),(573,141,8,3),(574,141,9,2),(575,141,10,3),(576,141,11,1),(577,141,12,1),(578,141,13,2),(579,141,14,1),(580,141,15,1),(581,141,16,1),(582,141,17,3),(583,141,18,2),(584,141,19,3),(585,141,20,3),(586,141,21,1),(587,142,1,1),(588,142,2,3),(589,142,3,3),(590,142,4,3),(591,142,5,3),(592,142,6,3),(593,142,7,3),(594,142,8,3),(595,142,9,3),(596,142,10,3),(597,142,11,3),(598,142,12,3),(599,142,13,3),(600,142,14,2),(601,142,15,3),(602,142,16,2),(603,142,17,3),(604,142,18,3),(605,142,19,3),(606,142,20,2),(607,142,21,3),(608,143,1,2),(609,143,2,2),(610,143,3,3),(611,143,4,2),(612,143,5,3),(613,143,6,2),(614,143,7,2),(615,143,8,3),(616,143,9,2),(617,143,10,3),(618,143,11,2),(619,143,12,3),(620,143,13,2),(621,143,14,1),(622,143,15,1),(623,143,16,3),(624,143,17,3),(625,143,18,3),(626,143,19,3),(627,143,20,3),(628,143,21,3),(629,144,1,3),(630,144,2,1),(631,144,3,3),(632,144,4,3),(633,144,5,3),(634,144,6,2),(635,144,7,2),(636,144,8,2),(637,144,9,3),(638,144,10,2),(639,144,11,3),(640,144,12,3),(641,144,13,3),(642,144,14,2),(643,144,15,2),(644,144,16,1),(645,144,17,3),(646,144,18,3),(647,144,19,3),(648,144,20,3),(649,144,21,3),(650,145,1,3),(651,145,2,1),(652,145,3,3),(653,145,4,3),(654,145,5,3),(655,145,6,3),(656,145,7,3),(657,145,8,3),(658,145,9,3),(659,145,10,3),(660,145,11,3),(661,145,12,3),(662,145,13,3),(663,145,14,2),(664,145,15,3),(665,145,16,3),(666,145,17,3),(667,145,18,3),(668,145,19,3),(669,145,20,3),(670,145,21,3),(671,146,1,3),(672,146,2,2),(673,146,3,3),(674,146,4,3),(675,146,5,3),(676,146,6,2),(677,146,7,2),(678,146,8,3),(679,146,9,2),(680,146,10,2),(681,146,11,3),(682,146,12,3),(683,146,13,2),(684,146,14,3),(685,146,15,2),(686,146,16,1),(687,146,17,2),(688,146,18,3),(689,146,19,3),(690,146,20,3),(691,146,21,3),(692,147,1,3),(693,147,2,2),(694,147,3,3),(695,147,4,3),(696,147,5,3),(697,147,6,3),(698,147,7,3),(699,147,8,3),(700,147,9,3),(701,147,10,2),(702,147,11,3),(703,147,12,3),(704,147,13,2),(705,147,14,2),(706,147,15,2),(707,147,16,3),(708,147,17,3),(709,147,18,3),(710,147,19,3),(711,147,20,3),(712,147,21,3),(713,148,1,2),(714,148,2,3),(715,148,3,3),(716,148,4,3),(717,148,5,3),(718,148,6,3),(719,148,7,3),(720,148,8,3),(721,148,9,3),(722,148,10,3),(723,148,11,2),(724,148,12,1),(725,148,13,3),(726,148,14,3),(727,148,15,2),(728,148,16,3),(729,148,17,3),(730,148,18,3),(731,148,19,3),(732,148,20,3),(733,148,21,2),(734,149,1,3),(735,149,2,3),(736,149,3,3),(737,149,4,3),(738,149,5,3),(739,149,6,3),(740,149,7,3),(741,149,8,3),(742,149,9,3),(743,149,10,3),(744,149,11,3),(745,149,12,3),(746,149,13,3),(747,149,14,3),(748,149,15,3),(749,149,16,3),(750,149,17,3),(751,149,18,3),(752,149,19,3),(753,149,20,3),(754,149,21,3),(755,150,1,3),(756,150,2,3),(757,150,3,3),(758,150,4,3),(759,150,5,3),(760,150,6,3),(761,150,7,3),(762,150,8,3),(763,150,9,3),(764,150,10,3),(765,150,11,3),(766,150,12,3),(767,150,13,3),(768,150,14,1),(769,150,15,3),(770,150,16,3),(771,150,17,3),(772,150,18,3),(773,150,19,3),(774,150,20,3),(775,150,21,3),(776,151,1,3),(777,151,2,1),(778,151,3,3),(779,151,4,3),(780,151,5,3),(781,151,6,3),(782,151,7,2),(783,151,8,3),(784,151,9,1),(785,151,10,3),(786,151,11,1),(787,151,12,3),(788,151,13,3),(789,151,14,2),(790,151,15,1),(791,151,16,3),(792,151,17,3),(793,151,18,3),(794,151,19,3),(795,151,20,3),(796,151,21,3),(797,153,1,1),(798,153,2,1),(799,153,3,1),(800,153,4,2),(801,153,5,2),(802,153,6,3),(803,153,7,2),(804,153,8,2),(805,153,9,2),(806,153,10,2),(807,153,11,1),(808,153,12,1),(809,153,13,2),(810,153,14,1),(811,153,15,2),(812,153,16,3),(813,153,17,3),(814,153,18,1),(815,153,19,3),(816,153,20,3),(817,153,21,2),(818,117,1,3),(819,117,2,3),(820,117,3,3),(821,117,4,3),(822,117,5,3),(823,117,6,3),(824,117,7,3),(825,117,8,3),(826,117,9,3),(827,117,10,3),(828,117,11,3),(829,117,12,2),(830,117,13,3),(831,117,14,3),(832,117,15,3),(833,117,16,3),(834,117,17,3),(835,117,18,3),(836,117,19,3),(837,117,20,3),(838,117,21,3),(839,118,1,3),(840,118,2,3),(841,118,3,3),(842,118,4,3),(843,118,5,3),(844,118,6,2),(845,118,7,3),(846,118,8,3),(847,118,9,3),(848,118,10,2),(849,118,11,3),(850,118,12,3),(851,118,13,2),(852,118,14,2),(853,118,15,2),(854,118,16,1),(855,118,17,3),(856,118,18,3),(857,118,19,3),(858,118,20,3),(859,118,21,2),(860,119,1,1),(861,119,2,1),(862,119,3,1),(863,119,4,1),(864,119,5,1),(865,119,6,2),(866,119,7,3),(867,119,8,3),(868,119,9,3),(869,119,10,1),(870,119,11,1),(871,119,12,1),(872,119,13,2),(873,119,14,1),(874,119,15,2),(875,119,16,1),(876,119,17,2),(877,119,18,2),(878,119,19,3),(879,119,20,3),(880,119,21,2),(881,120,1,3),(882,120,2,2),(883,120,3,3),(884,120,4,3),(885,120,5,3),(886,120,6,3),(887,120,7,3),(888,120,8,3),(889,120,9,3),(890,120,10,3),(891,120,11,3),(892,120,12,2),(893,120,13,3),(894,120,14,3),(895,120,15,3),(896,120,16,3),(897,120,17,3),(898,120,18,3),(899,120,19,3),(900,120,20,3),(901,120,21,3),(902,121,1,2),(903,121,2,2),(904,121,3,3),(905,121,4,3),(906,121,5,3),(907,121,6,3),(908,121,7,3),(909,121,8,3),(910,121,9,3),(911,121,10,3),(912,121,11,3),(913,121,12,3),(914,121,13,3),(915,121,14,3),(916,121,15,3),(917,121,16,3),(918,121,17,3),(919,121,18,3),(920,121,19,3),(921,121,20,2),(922,121,21,3),(923,122,1,2),(924,122,2,2),(925,122,3,3),(926,122,4,3),(927,122,5,3),(928,122,6,2),(929,122,7,2),(930,122,8,2),(931,122,9,3),(932,122,10,2),(933,122,11,1),(934,122,12,3),(935,122,13,3),(936,122,14,3),(937,122,15,2),(938,122,16,1),(939,122,17,2),(940,122,18,3),(941,122,19,3),(942,122,20,3),(943,122,21,3),(944,123,1,3),(945,123,2,2),(946,123,3,3),(947,123,4,3),(948,123,5,3),(949,123,6,3),(950,123,7,3),(951,123,8,2),(952,123,9,3),(953,123,10,3),(954,123,11,3),(955,123,12,3),(956,123,13,2),(957,123,14,3),(958,123,15,2),(959,123,16,1),(960,123,17,3),(961,123,18,3),(962,123,19,3),(963,123,20,3),(964,123,21,3),(965,124,1,2),(966,124,2,2),(967,124,3,3),(968,124,4,3),(969,124,5,3),(970,124,6,2),(971,124,7,2),(972,124,8,3),(973,124,9,2),(974,124,10,1),(975,124,11,2),(976,124,12,3),(977,124,13,1),(978,124,14,2),(979,124,15,1),(980,124,16,1),(981,124,17,2),(982,124,18,2),(983,124,19,3),(984,124,20,3),(985,124,21,3),(986,125,1,3),(987,125,2,2),(988,125,3,3),(989,125,4,3),(990,125,5,3),(991,125,6,2),(992,125,7,2),(993,125,8,3),(994,125,9,3),(995,125,10,2),(996,125,11,2),(997,125,12,3),(998,125,13,2),(999,125,14,2),(1000,125,15,2),(1001,125,16,1),(1002,125,17,3),(1003,125,18,3),(1004,125,19,3),(1005,125,20,3),(1006,125,21,3),(1007,126,1,2),(1008,126,2,3),(1009,126,3,1),(1010,126,4,2),(1011,126,5,3),(1012,126,6,3),(1013,126,7,2),(1014,126,8,2),(1015,126,9,3),(1016,126,10,3),(1017,126,11,1),(1018,126,12,3),(1019,126,13,1),(1020,126,14,2),(1021,126,15,1),(1022,126,16,3),(1023,126,17,3),(1024,126,18,2),(1025,126,19,3),(1026,126,20,3),(1027,126,21,3),(1028,127,1,3),(1029,127,2,2),(1030,127,3,3),(1031,127,4,3),(1032,127,5,3),(1033,127,6,3),(1034,127,7,3),(1035,127,8,3),(1036,127,9,3),(1037,127,10,3),(1038,127,11,3),(1039,127,12,3),(1040,127,13,3),(1041,127,14,3),(1042,127,15,3),(1043,127,16,3),(1044,127,17,3),(1045,127,18,3),(1046,127,19,3),(1047,127,20,3),(1048,127,21,3),(1049,128,1,1),(1050,128,2,2),(1051,128,3,3),(1052,128,4,3),(1053,128,5,1),(1054,128,6,2),(1055,128,7,3),(1056,128,8,3),(1057,128,9,2),(1058,128,10,3),(1059,128,11,2),(1060,128,12,3),(1061,128,13,1),(1062,128,14,2),(1063,128,15,3),(1064,128,16,1),(1065,128,17,2),(1066,128,18,3),(1067,128,19,3),(1068,128,20,3),(1069,128,21,3),(1070,129,1,3),(1071,129,2,1),(1072,129,3,3),(1073,129,4,3),(1074,129,5,3),(1075,129,6,3),(1076,129,7,3),(1077,129,8,3),(1078,129,9,3),(1079,129,10,3),(1080,129,11,3),(1081,129,12,2),(1082,129,13,3),(1083,129,14,3),(1084,129,15,3),(1085,129,16,3),(1086,129,17,3),(1087,129,18,3),(1088,129,19,3),(1089,129,20,3),(1090,129,21,3),(1091,130,1,3),(1092,130,2,2),(1093,130,3,3),(1094,130,4,3),(1095,130,5,3),(1096,130,6,2),(1097,130,7,3),(1098,130,8,3),(1099,130,9,2),(1100,130,10,2),(1101,130,11,3),(1102,130,12,3),(1103,130,13,2),(1104,130,14,1),(1105,130,15,1),(1106,130,16,1),(1107,130,17,3),(1108,130,18,3),(1109,130,19,3),(1110,130,20,3),(1111,130,21,3),(1112,131,1,1),(1113,131,2,1),(1114,131,3,1),(1115,131,4,1),(1116,131,5,1),(1117,131,6,3),(1118,131,7,3),(1119,131,8,3),(1120,131,9,3),(1121,131,10,1),(1122,131,11,1),(1123,131,12,1),(1124,131,13,2),(1125,131,14,1),(1126,131,15,1),(1127,131,16,1),(1128,131,17,3),(1129,131,18,1),(1130,131,19,1),(1131,131,20,3),(1132,131,21,2),(1133,132,1,3),(1134,132,2,2),(1135,132,3,3),(1136,132,4,3),(1137,132,5,3),(1138,132,6,1),(1139,132,7,2),(1140,132,8,3),(1141,132,9,3),(1142,132,10,3),(1143,132,11,3),(1144,132,12,3),(1145,132,13,3),(1146,132,14,1),(1147,132,15,1),(1148,132,16,3),(1149,132,17,3),(1150,132,18,3),(1151,132,19,3),(1152,132,20,3),(1153,132,21,3),(1154,133,1,3),(1155,133,2,2),(1156,133,3,2),(1157,133,4,2),(1158,133,5,3),(1159,133,6,3),(1160,133,7,3),(1161,133,8,2),(1162,133,9,3),(1163,133,10,3),(1164,133,11,3),(1165,133,12,3),(1166,133,13,3),(1167,133,14,2),(1168,133,15,2),(1169,133,16,3),(1170,133,17,2),(1171,133,18,2),(1172,133,19,3),(1173,133,20,3),(1174,133,21,3),(1175,134,1,3),(1176,134,2,2),(1177,134,3,3),(1178,134,4,3),(1179,134,5,3),(1180,134,6,3),(1181,134,7,3),(1182,134,8,3),(1183,134,9,3),(1184,134,10,3),(1185,134,11,3),(1186,134,12,2),(1187,134,13,3),(1188,134,14,2),(1189,134,15,3),(1190,134,16,3),(1191,134,17,3),(1192,134,18,3),(1193,134,19,3),(1194,134,20,3),(1195,134,21,3),(1196,135,1,2),(1197,135,2,2),(1198,135,3,2),(1199,135,4,2),(1200,135,5,3),(1201,135,6,2),(1202,135,7,2),(1203,135,8,2),(1204,135,9,3),(1205,135,10,1),(1206,135,11,2),(1207,135,12,3),(1208,135,13,1),(1209,135,14,3),(1210,135,15,3),(1211,135,16,3),(1212,135,17,3),(1213,135,18,2),(1214,135,19,3),(1215,135,20,3),(1216,135,21,3),(1217,136,1,2),(1218,136,2,2),(1219,136,3,3),(1220,136,4,3),(1221,136,5,2),(1222,136,6,3),(1223,136,7,3),(1224,136,8,3),(1225,136,9,3),(1226,136,10,3),(1227,136,11,2),(1228,136,12,3),(1229,136,13,3),(1230,136,14,1),(1231,136,15,1),(1232,136,16,1),(1233,136,17,3),(1234,136,18,3),(1235,136,19,3),(1236,136,20,3),(1237,136,21,2),(1238,137,1,3),(1239,137,2,2),(1240,137,3,3),(1241,137,4,3),(1242,137,5,3),(1243,137,6,3),(1244,137,7,3),(1245,137,8,3),(1246,137,9,3),(1247,137,10,2),(1248,137,11,2),(1249,137,12,3),(1250,137,13,1),(1251,137,14,1),(1252,137,15,3),(1253,137,16,1),(1254,137,17,3),(1255,137,18,3),(1256,137,19,3),(1257,137,20,3),(1258,137,21,1),(1259,138,1,3),(1260,138,2,3),(1261,138,3,3),(1262,138,4,3),(1263,138,5,2),(1264,138,6,2),(1265,138,7,3),(1266,138,8,3),(1267,138,9,3),(1268,138,10,1),(1269,138,11,2),(1270,138,12,3),(1271,138,13,2),(1272,138,14,2),(1273,138,15,2),(1274,138,16,1),(1275,138,17,3),(1276,138,18,3),(1277,138,19,3),(1278,138,20,3),(1279,138,21,2),(1280,139,1,2),(1281,139,2,2),(1282,139,3,3),(1283,139,4,3),(1284,139,5,3),(1285,139,6,1),(1286,139,7,2),(1287,139,8,2),(1288,139,9,2),(1289,139,10,3),(1290,139,11,2),(1291,139,12,3),(1292,139,13,2),(1293,139,14,1),(1294,139,15,1),(1295,139,16,1),(1296,139,17,3),(1297,139,18,2),(1298,139,19,3),(1299,139,20,3),(1300,139,21,3),(1301,140,1,3),(1302,140,2,2),(1303,140,3,2),(1304,140,4,3),(1305,140,5,3),(1306,140,6,3),(1307,140,7,2),(1308,140,8,3),(1309,140,9,3),(1310,140,10,3),(1311,140,11,2),(1312,140,12,3),(1313,140,13,3),(1314,140,14,2),(1315,140,15,3),(1316,140,16,1),(1317,140,17,3),(1318,140,18,3),(1319,140,19,3),(1320,140,20,3),(1321,140,21,3),(1322,141,1,2),(1323,141,2,2),(1324,141,3,3),(1325,141,4,2),(1326,141,5,2),(1327,141,6,2),(1328,141,7,2),(1329,141,8,3),(1330,141,9,2),(1331,141,10,3),(1332,141,11,1),(1333,141,12,1),(1334,141,13,2),(1335,141,14,1),(1336,141,15,1),(1337,141,16,1),(1338,141,17,3),(1339,141,18,2),(1340,141,19,3),(1341,141,20,3),(1342,141,21,1),(1343,142,1,1),(1344,142,2,3),(1345,142,3,3),(1346,142,4,3),(1347,142,5,3),(1348,142,6,3),(1349,142,7,3),(1350,142,8,3),(1351,142,9,3),(1352,142,10,3),(1353,142,11,3),(1354,142,12,3),(1355,142,13,3),(1356,142,14,2),(1357,142,15,3),(1358,142,16,2),(1359,142,17,3),(1360,142,18,3),(1361,142,19,3),(1362,142,20,2),(1363,142,21,3),(1364,143,1,2),(1365,143,2,2),(1366,143,3,3),(1367,143,4,2),(1368,143,5,3),(1369,143,6,2),(1370,143,7,2),(1371,143,8,3),(1372,143,9,2),(1373,143,10,3),(1374,143,11,2),(1375,143,12,3),(1376,143,13,2),(1377,143,14,1),(1378,143,15,1),(1379,143,16,3),(1380,143,17,3),(1381,143,18,3),(1382,143,19,3),(1383,143,20,3),(1384,143,21,3),(1385,144,1,3),(1386,144,2,1),(1387,144,3,3),(1388,144,4,3),(1389,144,5,3),(1390,144,6,2),(1391,144,7,2),(1392,144,8,2),(1393,144,9,3),(1394,144,10,2),(1395,144,11,3),(1396,144,12,3),(1397,144,13,3),(1398,144,14,2),(1399,144,15,2),(1400,144,16,1),(1401,144,17,3),(1402,144,18,3),(1403,144,19,3),(1404,144,20,3),(1405,144,21,3),(1406,145,1,3),(1407,145,2,1),(1408,145,3,3),(1409,145,4,3),(1410,145,5,3),(1411,145,6,3),(1412,145,7,3),(1413,145,8,3),(1414,145,9,3),(1415,145,10,3),(1416,145,11,3),(1417,145,12,3),(1418,145,13,3),(1419,145,14,2),(1420,145,15,3),(1421,145,16,3),(1422,145,17,3),(1423,145,18,3),(1424,145,19,3),(1425,145,20,3),(1426,145,21,3),(1427,146,1,3),(1428,146,2,2),(1429,146,3,3),(1430,146,4,3),(1431,146,5,3),(1432,146,6,2),(1433,146,7,2),(1434,146,8,3),(1435,146,9,2),(1436,146,10,2),(1437,146,11,3),(1438,146,12,3),(1439,146,13,2),(1440,146,14,3),(1441,146,15,2),(1442,146,16,1),(1443,146,17,2),(1444,146,18,3),(1445,146,19,3),(1446,146,20,3),(1447,146,21,3),(1448,147,1,3),(1449,147,2,2),(1450,147,3,3),(1451,147,4,3),(1452,147,5,3),(1453,147,6,3),(1454,147,7,3),(1455,147,8,3),(1456,147,9,3),(1457,147,10,2),(1458,147,11,3),(1459,147,12,3),(1460,147,13,2),(1461,147,14,2),(1462,147,15,2),(1463,147,16,3),(1464,147,17,3),(1465,147,18,3),(1466,147,19,3),(1467,147,20,3),(1468,147,21,3),(1469,148,1,2),(1470,148,2,3),(1471,148,3,3),(1472,148,4,3),(1473,148,5,3),(1474,148,6,3),(1475,148,7,3),(1476,148,8,3),(1477,148,9,3),(1478,148,10,3),(1479,148,11,2),(1480,148,12,1),(1481,148,13,3),(1482,148,14,3),(1483,148,15,2),(1484,148,16,3),(1485,148,17,3),(1486,148,18,3),(1487,148,19,3),(1488,148,20,3),(1489,148,21,2),(1490,149,1,3),(1491,149,2,3),(1492,149,3,3),(1493,149,4,3),(1494,149,5,3),(1495,149,6,3),(1496,149,7,3),(1497,149,8,3),(1498,149,9,3),(1499,149,10,3),(1500,149,11,3),(1501,149,12,3),(1502,149,13,3),(1503,149,14,3),(1504,149,15,3),(1505,149,16,3),(1506,149,17,3),(1507,149,18,3),(1508,149,19,3),(1509,149,20,3),(1510,149,21,3),(1511,150,1,3),(1512,150,2,3),(1513,150,3,3),(1514,150,4,3),(1515,150,5,3),(1516,150,6,3),(1517,150,7,3),(1518,150,8,3),(1519,150,9,3),(1520,150,10,3),(1521,150,11,3),(1522,150,12,3),(1523,150,13,3),(1524,150,14,1),(1525,150,15,3),(1526,150,16,3),(1527,150,17,3),(1528,150,18,3),(1529,150,19,3),(1530,150,20,3),(1531,150,21,3),(1532,151,1,3),(1533,151,2,1),(1534,151,3,3),(1535,151,4,3),(1536,151,5,3),(1537,151,6,3),(1538,151,7,2),(1539,151,8,3),(1540,151,9,1),(1541,151,10,3),(1542,151,11,1),(1543,151,12,3),(1544,151,13,3),(1545,151,14,2),(1546,151,15,1),(1547,151,16,3),(1548,151,17,3),(1549,151,18,3),(1550,151,19,3),(1551,151,20,3),(1552,151,21,3),(1553,153,1,1),(1554,153,2,1),(1555,153,3,1),(1556,153,4,2),(1557,153,5,2),(1558,153,6,3),(1559,153,7,2),(1560,153,8,2),(1561,153,9,2),(1562,153,10,2),(1563,153,11,1),(1564,153,12,1),(1565,153,13,2),(1566,153,14,1),(1567,153,15,2),(1568,153,16,3),(1569,153,17,3),(1570,153,18,1),(1571,153,19,3),(1572,153,20,3),(1573,153,21,2),(1574,164,1,2),(1575,164,2,2),(1576,164,3,3),(1577,164,4,3),(1578,164,5,3),(1579,164,6,3),(1580,164,7,3),(1581,164,8,3),(1582,164,9,3),(1583,164,10,3),(1584,164,11,3),(1585,164,12,3),(1586,164,13,3),(1587,164,14,2),(1588,164,15,3),(1589,164,16,3),(1590,164,17,3),(1591,164,18,3),(1592,164,19,3),(1593,164,20,3),(1594,164,21,3),(1595,165,1,2),(1596,165,2,3),(1597,165,3,3),(1598,165,4,3),(1599,165,5,3),(1600,165,6,2),(1601,165,7,2),(1602,165,8,2),(1603,165,9,2),(1604,165,10,2),(1605,165,11,1),(1606,165,12,3),(1607,165,13,3),(1608,165,14,2),(1609,165,15,2),(1610,165,16,1),(1611,165,17,3),(1612,165,18,3),(1613,165,19,3),(1614,165,20,1),(1615,165,21,2),(1616,166,1,1),(1617,166,2,3),(1618,166,3,3),(1619,166,4,2),(1620,166,5,2),(1621,166,6,2),(1622,166,7,2),(1623,166,8,3),(1624,166,9,3),(1625,166,10,1),(1626,166,11,1),(1627,166,12,2),(1628,166,13,2),(1629,166,14,2),(1630,166,15,1),(1631,166,16,1),(1632,166,17,3),(1633,166,18,2),(1634,166,19,2),(1635,166,20,3),(1636,166,21,3),(1637,167,1,3),(1638,167,2,2),(1639,167,3,3),(1640,167,4,3),(1641,167,5,3),(1642,167,6,3),(1643,167,7,3),(1644,167,8,3),(1645,167,9,3),(1646,167,10,3),(1647,167,11,3),(1648,167,12,3),(1649,167,13,3),(1650,167,14,2),(1651,167,15,3),(1652,167,16,3),(1653,167,17,3),(1654,167,18,3),(1655,167,19,3),(1656,167,20,3),(1657,167,21,2);
/*!40000 ALTER TABLE `clasifications` ENABLE KEYS */;
UNLOCK TABLES;

--
-- Table structure for table `courses`
--

DROP TABLE IF EXISTS `courses`;
/*!40101 SET @saved_cs_client     = @@character_set_client */;
/*!40101 SET character_set_client = utf8 */;
CREATE TABLE `courses` (
  `id` int(11) NOT NULL AUTO_INCREMENT,
  `name` varchar(45) NOT NULL,
  `dimensions_id` tinyint(4) NOT NULL,
  PRIMARY KEY (`id`),
  KEY `fk_courses_dimensions1_idx` (`dimensions_id`),
  CONSTRAINT `fk_courses_dimensions1` FOREIGN KEY (`dimensions_id`) REFERENCES `dimensions` (`id`) ON DELETE NO ACTION ON UPDATE NO ACTION
) ENGINE=InnoDB AUTO_INCREMENT=22 DEFAULT CHARSET=utf8;
/*!40101 SET character_set_client = @saved_cs_client */;

--
-- Dumping data for table `courses`
--

LOCK TABLES `courses` WRITE;
/*!40000 ALTER TABLE `courses` DISABLE KEYS */;
INSERT INTO `courses` VALUES (1,'Razonamiento Lógico Matemático',1),(2,'Razonamiento Verbal',1),(3,'Aritmética',2),(4,'Algebra',2),(5,'Lenguaje',3),(6,'Literatura',3),(7,'Historia Universal',4),(8,'Historia del Peru',4),(9,'Economía',4),(10,'Gramatica',3),(11,'Geometria',2),(12,'Trigonometria',2),(13,'Geografia',4),(14,'Psicologia',5),(15,'Cultura General',5),(16,'Educacion Civica',5),(17,'Cultura Regional y Local',5),(18,'Fisica',6),(19,'Quimica',6),(20,'Biologia',6),(21,'Educacion Ambiental',6);
/*!40000 ALTER TABLE `courses` ENABLE KEYS */;
UNLOCK TABLES;

--
-- Table structure for table `dimensions`
--

DROP TABLE IF EXISTS `dimensions`;
/*!40101 SET @saved_cs_client     = @@character_set_client */;
/*!40101 SET character_set_client = utf8 */;
CREATE TABLE `dimensions` (
  `id` tinyint(4) NOT NULL AUTO_INCREMENT,
  `name` varchar(45) NOT NULL,
  PRIMARY KEY (`id`)
) ENGINE=InnoDB AUTO_INCREMENT=7 DEFAULT CHARSET=utf8;
/*!40101 SET character_set_client = @saved_cs_client */;

--
-- Dumping data for table `dimensions`
--

LOCK TABLES `dimensions` WRITE;
/*!40000 ALTER TABLE `dimensions` DISABLE KEYS */;
INSERT INTO `dimensions` VALUES (1,'Aptitud Academica'),(2,'Matematica'),(3,'Comunicacion'),(4,'Ciencias Sociales'),(5,'Persona Familia'),(6,'CTA');
/*!40000 ALTER TABLE `dimensions` ENABLE KEYS */;
UNLOCK TABLES;

--
-- Table structure for table `distributions`
--

DROP TABLE IF EXISTS `distributions`;
/*!40101 SET @saved_cs_client     = @@character_set_client */;
/*!40101 SET character_set_client = utf8 */;
CREATE TABLE `distributions` (
  `id` int(11) NOT NULL AUTO_INCREMENT,
  `dfrom` tinyint(4) NOT NULL,
  `dto` tinyint(4) NOT NULL,
  `areas_id` tinyint(4) NOT NULL,
  `courses_id` int(11) NOT NULL,
  PRIMARY KEY (`id`),
  KEY `areas_id` (`areas_id`),
  KEY `courses_id` (`courses_id`),
  CONSTRAINT `distributions_ibfk_1` FOREIGN KEY (`areas_id`) REFERENCES `areas` (`id`),
  CONSTRAINT `distributions_ibfk_2` FOREIGN KEY (`courses_id`) REFERENCES `courses` (`id`)
) ENGINE=InnoDB AUTO_INCREMENT=85 DEFAULT CHARSET=utf8;
/*!40101 SET character_set_client = @saved_cs_client */;

--
-- Dumping data for table `distributions`
--

LOCK TABLES `distributions` WRITE;
/*!40000 ALTER TABLE `distributions` DISABLE KEYS */;
INSERT INTO `distributions` VALUES (1,1,15,1,1),(2,16,30,1,2),(3,31,36,1,3),(4,37,42,1,4),(5,43,48,1,11),(6,49,53,1,12),(7,54,56,1,5),(8,57,59,1,10),(9,60,61,1,6),(10,62,63,1,14),(11,64,65,1,15),(12,66,66,1,16),(13,67,68,1,17),(14,69,70,1,7),(15,71,72,1,8),(16,73,74,1,13),(17,75,76,1,9),(18,77,84,1,18),(19,85,92,1,19),(20,93,97,1,20),(21,98,100,1,21),(22,1,15,2,1),(23,16,30,2,2),(24,31,33,2,3),(25,34,36,2,4),(26,37,38,2,11),(27,39,40,2,12),(28,41,43,2,5),(29,44,46,2,10),(30,47,48,2,6),(31,49,52,2,14),(32,53,56,2,15),(33,57,58,2,16),(34,59,62,2,17),(35,63,65,2,7),(36,66,68,2,8),(37,69,71,2,13),(38,72,73,2,9),(39,74,75,2,18),(40,76,84,2,19),(41,85,97,2,20),(42,98,100,2,21),(43,1,15,3,1),(44,16,30,3,2),(45,31,36,3,3),(46,37,42,3,4),(47,43,46,3,11),(48,47,48,3,12),(49,49,51,3,5),(50,52,54,3,10),(51,55,56,3,6),(52,57,58,3,14),(53,59,61,3,15),(54,62,64,3,16),(55,65,67,3,17),(56,68,72,3,7),(57,73,77,3,8),(58,78,82,3,13),(59,83,91,3,9),(60,92,93,3,18),(61,94,95,3,19),(62,96,97,3,20),(63,98,100,3,21),(64,1,15,4,1),(65,16,30,4,2),(66,31,32,4,3),(67,33,34,4,4),(68,35,35,4,11),(69,36,36,4,12),(70,37,43,4,5),(71,44,50,4,10),(72,51,57,4,6),(73,58,61,4,14),(74,62,65,4,15),(75,66,69,4,16),(76,70,73,4,17),(77,74,78,4,7),(78,79,83,4,8),(79,84,87,4,13),(80,88,91,4,9),(81,92,93,4,18),(82,94,95,4,19),(83,96,97,4,20),(84,98,100,4,21);
/*!40000 ALTER TABLE `distributions` ENABLE KEYS */;
UNLOCK TABLES;

--
-- Table structure for table `genders`
--

DROP TABLE IF EXISTS `genders`;
/*!40101 SET @saved_cs_client     = @@character_set_client */;
/*!40101 SET character_set_client = utf8 */;
CREATE TABLE `genders` (
  `id` tinyint(4) NOT NULL AUTO_INCREMENT,
  `gender` varchar(45) NOT NULL,
  PRIMARY KEY (`id`)
) ENGINE=InnoDB AUTO_INCREMENT=3 DEFAULT CHARSET=utf8;
/*!40101 SET character_set_client = @saved_cs_client */;

--
-- Dumping data for table `genders`
--

LOCK TABLES `genders` WRITE;
/*!40000 ALTER TABLE `genders` DISABLE KEYS */;
INSERT INTO `genders` VALUES (1,'Femenino'),(2,'Masculino');
/*!40000 ALTER TABLE `genders` ENABLE KEYS */;
UNLOCK TABLES;

--
-- Table structure for table `historic`
--

DROP TABLE IF EXISTS `historic`;
/*!40101 SET @saved_cs_client     = @@character_set_client */;
/*!40101 SET character_set_client = utf8 */;
CREATE TABLE `historic` (
  `id` int(11) NOT NULL AUTO_INCREMENT,
  `minimun` tinyint(4) NOT NULL,
  `recommended` tinyint(4) NOT NULL,
  `create_at` timestamp NULL DEFAULT CURRENT_TIMESTAMP,
  `ranks_id` mediumint(9) NOT NULL,
  PRIMARY KEY (`id`),
  KEY `fk_historic_ranks1_idx` (`ranks_id`),
  CONSTRAINT `fk_historic_ranks1` FOREIGN KEY (`ranks_id`) REFERENCES `ranks` (`id`) ON DELETE NO ACTION ON UPDATE NO ACTION
) ENGINE=InnoDB AUTO_INCREMENT=4 DEFAULT CHARSET=utf8;
/*!40101 SET character_set_client = @saved_cs_client */;

--
-- Dumping data for table `historic`
--

LOCK TABLES `historic` WRITE;
/*!40000 ALTER TABLE `historic` DISABLE KEYS */;
INSERT INTO `historic` VALUES (2,50,67,'2021-04-20 04:24:41',1),(3,50,70,'2021-04-22 04:07:45',3);
/*!40000 ALTER TABLE `historic` ENABLE KEYS */;
UNLOCK TABLES;

--
-- Table structure for table `people`
--

DROP TABLE IF EXISTS `people`;
/*!40101 SET @saved_cs_client     = @@character_set_client */;
/*!40101 SET character_set_client = utf8 */;
CREATE TABLE `people` (
  `id` smallint(6) NOT NULL AUTO_INCREMENT,
  `dni` varchar(8) NOT NULL,
  `name` varchar(45) NOT NULL,
  `lastname` varchar(45) NOT NULL,
  `genders_id` tinyint(4) NOT NULL,
  PRIMARY KEY (`id`),
  UNIQUE KEY `dni_UNIQUE` (`dni`),
  KEY `fk_people_genders1_idx` (`genders_id`)
) ENGINE=InnoDB AUTO_INCREMENT=208 DEFAULT CHARSET=utf8;
/*!40101 SET character_set_client = @saved_cs_client */;

--
-- Dumping data for table `people`
--

LOCK TABLES `people` WRITE;
/*!40000 ALTER TABLE `people` DISABLE KEYS */;
INSERT INTO `people` VALUES (1,'03234567','Luisa Victoria','McAllister Fauler',1),(2,'12345693','David Enrique','Huaman Leyva',2),(3,'91234567','Lindsey','Harrison',1),(4,'01234567','Juan','Flores',2),(5,'11234567','Carlos','Castillo',2),(6,'21234567','Pedro','Montana',2),(7,'31234567','Andrea','Guerrero',1),(8,'41234567','Paola','Caceres',1),(9,'51234567','Federico','Lopez',2),(10,'61234567','Luciana','Ruiz',1),(11,'71234567','Simon','Sanchez',2),(12,'81234567','Ruperto','Alvarado',2),(14,'02234567','Andre','Guimaraez',2),(15,'78963214','Charly','Harper',2),(156,'72091670','YOLIN LUCIO','VALENTIN CRUZ',2),(157,'75336379','RONALDIÑO','VALVERDE NIEVES',2),(158,'75442271','GIMENA FIORELLA','VAQUERIZO APARICIO',1),(159,'75756702','KENDY MILAGROS','VARGAS MEJIA',1),(160,'72717224','SERGIO LUIS','VARGAS TRONCOS',2),(161,'72871691','NATALIA CRISTAL','VASQUEZ MAGUIÑA',1),(162,'74842140','DENILSON JUNIOR','VEGA CARBAJAL',2),(163,'75878856','TEODOCIO BLADIMIRO','VEGA PEREZ',2),(164,'72502071','KELVIN','VEGA VALENCIA',2),(165,'77067329','LUIS ALBERTO','VELA MIRANDA',2),(166,'74620914','JUAN MANUEL','VERA ROSALES',2),(167,'75807168','BLADIMIR RIVEN','VERAMENDI CAUSHI',2),(168,'75342133','LEYDI MILAGROS','VERAMENDI LUGO',1),(169,'71403925','ADLER','VERDE PRUDENCIO',2),(170,'61517114','JHAIR DIEGO','VICENCIO CABANA',2),(171,'72858187','ROSALINDA THALIA','VIDAL ASENCIOS',1),(172,'71347906','CHRISTIAN MOISES','VIDAL CHÁVEZ',2),(173,'72228496','YANIRA','VIDAL ROJAS',1),(174,'72893242','ALEXANDER LENIN','VILLANUEVA BARRETO',2),(175,'71297719','JEAN CARLOS','VILLANUEVA BARRIONUEVO',2),(176,'75182602','ANTONY PAÚL','VILLANUEVA CORAL',2),(177,'70828392','PACHUCA RONALDIÑO','VILLANUEVA ROSALES',2),(178,'74226133','JOSE ENRIQUE','VILLEGAS AYALA',2),(179,'74651504','ALVARO ABRAHAM','VIOLETA DE LA CRUZ',2),(180,'75850143','GIORGIO RANDU','VITERI PINEDA',2),(181,'77279030','JENIPHER MARIACELESTE','WELSON MOLINA',1),(182,'72763197','RICARDO ALFREDO','YAMUNAQUÉ REYES',2),(183,'70115553','FELIX MICHAEL','YANAC CHINCHAY',2),(184,'48404609','ROXANA MAGALY','YANAC HUACANCA',1),(185,'76773717','FRANS MANUEL','YAURI BARRETO',2),(186,'71704601','JESUS AMERICO','YAURI GUTIERREZ',2),(187,'75680011','RONALDO SILVESTRE','YAURI TIMOTEO',2),(188,'73270482','ARSEMIO RONALDO','ZARAGOZA MAGUIÑA',2),(189,'76328940','MARIA ISABEL','ZARAGOZA MAGUIÑA',1),(190,'47668012','KOVASKY VLADIMIR','ZENTENO PAJUELO',2),(192,'73123256','JUNIOR JAVIER','VALDIVIEZO OCROSPOMA',2),(197,'58685963','Joan','Polnareff',2),(204,'74410462','DANERY XIOMARA','VALDEZ CARMEN',1),(205,'71928211','LUISA GUADALUPE','TUCTO CUEVA',1),(206,'71143224','ANTONY ERIK','UBALDO VERGARA',2),(207,'74128422','ELMER JAIRO','URDANIVIA CORAL',2);
/*!40000 ALTER TABLE `people` ENABLE KEYS */;
UNLOCK TABLES;

--
-- Table structure for table `process`
--

DROP TABLE IF EXISTS `process`;
/*!40101 SET @saved_cs_client     = @@character_set_client */;
/*!40101 SET character_set_client = utf8 */;
CREATE TABLE `process` (
  `id` tinyint(4) NOT NULL AUTO_INCREMENT,
  `name` varchar(10) NOT NULL,
  PRIMARY KEY (`id`),
  UNIQUE KEY `name_UNIQUE` (`name`)
) ENGINE=InnoDB AUTO_INCREMENT=5 DEFAULT CHARSET=utf8;
/*!40101 SET character_set_client = @saved_cs_client */;

--
-- Dumping data for table `process`
--

LOCK TABLES `process` WRITE;
/*!40000 ALTER TABLE `process` DISABLE KEYS */;
INSERT INTO `process` VALUES (3,'2015-II'),(2,'2018-I'),(1,'2018-II'),(4,'2019-II');
/*!40000 ALTER TABLE `process` ENABLE KEYS */;
UNLOCK TABLES;

--
-- Table structure for table `programs`
--

DROP TABLE IF EXISTS `programs`;
/*!40101 SET @saved_cs_client     = @@character_set_client */;
/*!40101 SET character_set_client = utf8 */;
CREATE TABLE `programs` (
  `id` tinyint(4) NOT NULL AUTO_INCREMENT,
  `name` varchar(75) NOT NULL,
  `areas_id` tinyint(4) NOT NULL,
  PRIMARY KEY (`id`),
  KEY `fk_programs_areas1_idx` (`areas_id`),
  CONSTRAINT `fk_programs_areas1` FOREIGN KEY (`areas_id`) REFERENCES `areas` (`id`) ON DELETE NO ACTION ON UPDATE NO ACTION
) ENGINE=InnoDB AUTO_INCREMENT=26 DEFAULT CHARSET=utf8;
/*!40101 SET character_set_client = @saved_cs_client */;

--
-- Dumping data for table `programs`
--

LOCK TABLES `programs` WRITE;
/*!40000 ALTER TABLE `programs` DISABLE KEYS */;
INSERT INTO `programs` VALUES (1,'INGENIERÍA CIVIL',1),(2,'INGENIERÍA DE SISTEMAS E INFORMÁTICA',1),(3,'INGENIERÍA DE MINAS',1),(4,'ENFERMERÍA',2),(5,'INGENIERÍA SANITARIA',1),(6,'OBSTETRICIA',2),(7,'INGENIERÍA AGRÍCOLA',1),(8,'AGRONOMÍA',1),(9,'INGENIERÍA AMBIENTAL',1),(10,'ARQUITECTURA Y URBANISMO',1),(11,'ESTADÍSTICA E INFORMÁTICA',1),(12,'INGENIERÍA INDUSTRIAL',1),(13,'INGENIERÍA DE INDUSTRIAS ALIMENTARIAS',1),(14,'MATEMÁTICA',1),(15,'ADMINISTRACIÓN',4),(16,'TURISMO',4),(17,'ECONOMÍA',4),(18,'CONTABILIDAD',4),(19,'ARQUEOLOGÍA',3),(20,'CIENCIAS DE LA COMUNICACIÓN',3),(21,'EDUCACIÓN: COMUNICACIÓN, LINGÜÍSTICA Y LITERATURA',3),(22,'DERECHO Y CIENCIAS POLÍTICAS',3),(23,'EDUCACIÓN: PRIMARIA Y EDUCACIÓN BILINGÜE INTERCULTURAL',3),(24,'EDUCACIÓN: LENGUA EXTRANJERA: INGLÉS',3),(25,'EDUCACIÓN: MATEMÁTICA E INFORMÁTICA',3);
/*!40000 ALTER TABLE `programs` ENABLE KEYS */;
UNLOCK TABLES;

--
-- Table structure for table `questions`
--

DROP TABLE IF EXISTS `questions`;
/*!40101 SET @saved_cs_client     = @@character_set_client */;
/*!40101 SET character_set_client = utf8 */;
CREATE TABLE `questions` (
  `id` mediumint(9) NOT NULL AUTO_INCREMENT,
  `number` tinyint(4) NOT NULL,
  `student_data_id` mediumint(9) NOT NULL,
  `responses_id` tinyint(4) NOT NULL,
  `distributions_id` int(11) NOT NULL,
  PRIMARY KEY (`id`),
  KEY `fk_questions_student_data1_idx` (`student_data_id`),
  KEY `fk_questions_responses1_idx` (`responses_id`),
  KEY `fk_questions_distributions1_idx` (`distributions_id`),
  CONSTRAINT `fk_questions_responses1` FOREIGN KEY (`responses_id`) REFERENCES `responses` (`id`) ON DELETE NO ACTION ON UPDATE NO ACTION,
  CONSTRAINT `fk_questions_student_data1` FOREIGN KEY (`student_data_id`) REFERENCES `student_data` (`id`) ON DELETE NO ACTION ON UPDATE NO ACTION
) ENGINE=InnoDB AUTO_INCREMENT=8057 DEFAULT CHARSET=utf8;
/*!40101 SET character_set_client = @saved_cs_client */;

--
-- Dumping data for table `questions`
--

LOCK TABLES `questions` WRITE;
/*!40000 ALTER TABLE `questions` DISABLE KEYS */;
INSERT INTO `questions` VALUES (1,1,1,1,1),(2,2,1,1,1),(3,3,1,2,1),(4,4,1,1,1),(5,5,1,1,1),(6,6,1,1,1),(7,7,1,2,1),(8,8,1,1,1),(9,9,1,2,1),(10,10,1,3,1),(11,11,1,3,1),(12,12,1,1,1),(13,13,1,1,1),(14,14,1,2,1),(15,15,1,2,1),(16,16,1,1,2),(17,17,1,1,2),(18,18,1,1,2),(19,19,1,1,2),(20,20,1,3,2),(21,1,2,1,22),(22,2,2,1,22),(23,3,2,2,22),(24,4,2,1,22),(25,5,2,2,22),(26,6,2,3,22),(27,7,2,1,22),(28,10,2,1,22),(29,11,2,2,22),(30,16,2,3,23),(31,18,2,3,23),(32,19,2,3,23),(33,23,2,3,23),(34,25,2,1,23),(35,26,2,1,23),(36,27,2,1,23),(37,30,2,2,23),(38,31,2,1,24),(39,33,2,2,24),(40,34,2,1,25),(41,100,3,1,42),(42,99,3,1,42),(43,98,3,1,42),(44,97,3,1,41),(45,96,3,1,41),(46,95,3,2,41),(47,94,3,2,41),(48,93,3,3,41),(49,92,3,3,41),(50,91,3,1,41),(51,90,3,3,41),(52,89,3,1,41),(53,88,3,2,41),(54,87,3,1,41),(55,86,3,2,41),(56,85,3,2,41),(57,84,3,3,40),(58,83,3,3,40),(59,82,3,1,40),(60,81,3,1,40),(61,80,3,1,40),(62,79,3,1,40),(63,1,4,1,22),(64,2,4,2,22),(65,3,4,3,22),(66,4,4,1,22),(67,5,4,1,22),(68,6,4,1,22),(69,7,4,1,22),(70,8,4,1,22),(71,9,4,1,22),(72,10,4,1,22),(73,11,4,1,22),(74,12,4,1,22),(75,13,4,1,22),(76,14,4,2,22),(77,15,4,3,22),(78,16,4,1,23),(79,17,4,1,23),(80,18,4,2,23),(81,19,4,3,23),(82,20,4,3,23),(83,21,4,3,23),(84,22,4,2,23),(85,23,4,3,23),(86,24,4,2,23),(87,25,5,1,2),(88,26,5,2,2),(89,27,5,3,2),(90,28,5,1,2),(91,29,5,2,2),(92,30,5,3,2),(93,31,5,1,3),(94,32,5,1,3),(95,33,5,1,3),(96,34,5,2,3),(97,35,5,2,3),(98,36,5,3,3),(99,37,5,1,4),(100,38,5,1,4),(101,39,5,1,4),(102,40,5,2,4),(103,41,5,3,4),(104,42,5,1,4),(105,43,5,2,5),(106,44,5,2,5),(107,45,5,3,5),(108,46,5,1,5),(109,47,5,3,5),(110,48,5,2,5),(111,49,5,3,6),(112,50,5,2,6),(113,55,6,1,7),(114,56,6,1,7),(115,57,6,1,8),(116,58,6,1,8),(117,59,6,1,8),(118,60,6,1,9),(119,61,6,1,9),(120,62,6,1,10),(121,63,6,1,10),(122,64,6,2,11),(123,65,6,2,11),(124,67,6,2,13),(125,68,6,2,13),(126,69,6,3,14),(127,70,6,3,14),(128,71,6,1,15),(129,72,6,1,15),(130,73,6,2,16),(131,74,6,3,16),(132,75,6,1,17),(133,76,6,1,17),(134,77,6,2,18),(135,78,6,3,18),(136,79,6,3,18),(137,80,6,3,18),(138,81,6,1,18),(139,82,6,1,18),(140,83,6,2,18),(141,84,6,3,18),(142,85,6,2,19),(143,86,6,3,19),(144,87,6,1,19),(145,88,6,1,19),(146,89,6,1,19),(147,1,7,1,1),(148,2,7,2,1),(149,3,7,3,1),(150,4,7,1,1),(151,5,7,2,1),(152,6,7,3,1),(153,7,7,1,1),(154,8,7,2,1),(155,9,7,3,1),(156,10,7,1,1),(157,11,7,2,1),(158,12,7,3,1),(159,13,7,1,1),(160,14,7,2,1),(161,15,7,3,1),(162,16,7,1,2),(163,17,7,1,2),(164,18,7,1,2),(165,19,7,1,2),(166,20,7,1,2),(167,21,7,1,2),(168,22,7,1,2),(169,23,7,2,2),(170,24,7,3,2),(171,25,7,2,2),(172,26,7,1,2),(173,27,7,1,2),(174,28,7,1,2),(175,29,7,1,2),(176,30,7,1,2),(177,31,7,1,3),(178,32,8,1,3),(179,33,8,1,3),(180,34,8,1,3),(181,35,8,1,3),(182,36,8,1,3),(183,37,8,2,4),(184,38,8,2,4),(185,39,8,2,4),(186,40,8,3,4),(187,41,8,3,4),(188,42,8,3,4),(189,43,8,3,5),(190,45,8,1,5),(191,46,8,1,5),(192,47,8,1,5),(193,48,8,1,5),(194,49,8,2,6),(195,50,8,2,6),(196,51,8,3,6),(197,52,8,3,6),(198,53,8,1,6),(199,54,8,3,7),(200,55,8,1,7),(201,56,8,2,7),(202,57,8,3,8),(203,58,8,1,8),(204,59,8,2,8),(205,60,8,3,9),(206,61,9,1,9),(207,62,9,2,10),(208,63,9,3,10),(209,64,9,1,11),(210,65,9,1,11),(211,66,9,1,12),(212,67,9,1,13),(213,68,9,1,13),(214,69,9,1,14),(215,70,9,1,14),(216,71,9,2,15),(217,72,9,2,15),(218,73,9,3,16),(219,74,9,3,16),(220,75,9,1,17),(221,76,9,1,17),(222,77,9,1,18),(223,78,9,1,18),(224,79,9,2,18),(225,80,9,2,18),(226,81,9,3,18),(227,82,9,3,18),(228,83,9,3,18),(229,84,9,1,18),(230,85,9,1,19),(231,86,9,1,19),(232,87,9,3,19),(233,88,9,2,19),(234,1,10,1,1),(235,2,10,1,1),(236,3,10,1,1),(237,4,10,1,1),(238,5,10,1,1),(239,6,10,1,1),(240,7,10,1,1),(241,8,10,2,1),(242,9,10,2,1),(243,10,10,2,1),(244,11,10,2,1),(245,12,10,2,1),(246,13,10,3,1),(247,14,10,3,1),(248,15,10,3,1),(249,16,10,3,2),(250,17,10,1,2),(251,18,10,1,2),(252,19,10,1,2),(253,20,10,1,2),(254,21,10,1,2),(255,22,10,1,2),(256,23,10,1,2),(257,24,10,1,2),(258,25,10,2,2),(259,26,10,1,2),(260,27,10,1,2),(261,28,10,2,2),(262,29,10,2,2),(263,30,10,3,2),(264,31,10,1,3),(265,32,10,2,3),(266,33,10,3,3),(267,34,10,1,3),(268,35,10,2,3),(269,36,10,1,3),(328,37,11,2,26),(329,38,11,3,26),(330,39,11,1,27),(331,40,11,2,27),(332,41,11,3,28),(333,42,11,1,28),(334,43,11,1,28),(335,44,11,1,29),(336,45,11,1,29),(337,46,11,1,29),(338,47,11,1,30),(339,48,11,1,30),(340,49,11,1,31),(341,50,11,2,31),(342,51,11,2,31),(343,52,11,3,31),(344,53,11,3,32),(345,54,11,1,32),(346,55,11,1,32),(347,56,11,1,32),(348,57,11,2,33),(349,58,11,2,33),(350,59,11,1,34),(351,60,11,3,34),(352,61,11,1,34),(353,62,11,2,34),(354,63,11,3,35),(355,64,11,1,35),(356,65,11,2,35),(457,1,117,1,43),(458,2,117,1,43),(459,3,117,3,43),(460,4,117,3,43),(461,5,117,1,43),(462,6,117,3,43),(463,7,117,3,43),(464,8,117,2,43),(465,9,117,3,43),(466,10,117,3,43),(467,11,117,3,43),(468,12,117,3,43),(469,13,117,3,43),(470,14,117,3,43),(471,15,117,3,43),(472,16,117,1,44),(473,17,117,3,44),(474,18,117,2,44),(475,19,117,1,44),(476,20,117,2,44),(477,21,117,2,44),(478,22,117,1,44),(479,23,117,2,44),(480,24,117,3,44),(481,25,117,2,44),(482,26,117,3,44),(483,27,117,3,44),(484,28,117,3,44),(485,29,117,3,44),(486,30,117,3,44),(487,31,117,2,45),(488,32,117,2,45),(489,33,117,3,45),(490,34,117,1,45),(491,35,117,3,45),(492,36,117,3,45),(493,37,117,2,46),(494,38,117,2,46),(495,39,117,2,46),(496,40,117,3,46),(497,41,117,2,46),(498,42,117,3,46),(499,43,117,2,47),(500,44,117,2,47),(501,45,117,2,47),(502,46,117,3,47),(503,47,117,2,48),(504,48,117,1,48),(505,49,117,1,49),(506,50,117,3,49),(507,51,117,2,49),(508,52,117,2,50),(509,53,117,2,50),(510,54,117,3,50),(511,55,117,2,51),(512,56,117,3,51),(513,57,117,2,52),(514,58,117,2,52),(515,59,117,3,53),(516,60,117,3,53),(517,61,117,3,53),(518,62,117,2,54),(519,63,117,2,54),(520,64,117,3,54),(521,65,117,3,55),(522,66,117,2,55),(523,67,117,2,55),(524,68,117,2,56),(525,69,117,2,56),(526,70,117,2,56),(527,71,117,2,56),(528,72,117,2,56),(529,73,117,2,57),(530,74,117,2,57),(531,75,117,2,57),(532,76,117,2,57),(533,77,117,1,57),(534,78,117,3,58),(535,79,117,2,58),(536,80,117,3,58),(537,81,117,2,58),(538,82,117,3,58),(539,83,117,1,59),(540,84,117,2,59),(541,85,117,2,59),(542,86,117,2,59),(543,87,117,2,59),(544,88,117,3,59),(545,89,117,2,59),(546,90,117,3,59),(547,91,117,3,59),(548,92,117,2,60),(549,93,117,3,60),(550,94,117,3,61),(551,95,117,3,61),(552,96,117,3,62),(553,97,117,3,62),(554,98,117,2,63),(555,99,117,2,63),(556,100,117,2,63),(557,1,118,2,1),(558,2,118,2,1),(559,3,118,3,1),(560,4,118,1,1),(561,5,118,1,1),(562,6,118,3,1),(563,7,118,2,1),(564,8,118,3,1),(565,9,118,3,1),(566,10,118,1,1),(567,11,118,1,1),(568,12,118,2,1),(569,13,118,1,1),(570,14,118,3,1),(571,15,118,3,1),(572,16,118,1,2),(573,17,118,1,2),(574,18,118,2,2),(575,19,118,3,2),(576,20,118,2,2),(577,21,118,3,2),(578,22,118,1,2),(579,23,118,2,2),(580,24,118,3,2),(581,25,118,1,2),(582,26,118,3,2),(583,27,118,3,2),(584,28,118,3,2),(585,29,118,1,2),(586,30,118,2,2),(587,31,118,3,3),(588,32,118,3,3),(589,33,118,3,3),(590,34,118,2,3),(591,35,118,1,3),(592,36,118,1,3),(593,37,118,3,4),(594,38,118,1,4),(595,39,118,3,4),(596,40,118,3,4),(597,41,118,3,4),(598,42,118,2,4),(599,43,118,2,5),(600,44,118,2,5),(601,45,118,3,5),(602,46,118,1,5),(603,47,118,3,5),(604,48,118,1,5),(605,49,118,2,6),(606,50,118,3,6),(607,51,118,3,6),(608,52,118,3,6),(609,53,118,1,6),(610,54,118,3,7),(611,55,118,2,7),(612,56,118,2,7),(613,57,118,1,8),(614,58,118,2,8),(615,59,118,1,8),(616,60,118,1,9),(617,61,118,3,9),(618,62,118,2,10),(619,63,118,1,10),(620,64,118,2,11),(621,65,118,1,11),(622,66,118,1,12),(623,67,118,3,13),(624,68,118,2,13),(625,69,118,3,14),(626,70,118,2,14),(627,71,118,2,15),(628,72,118,3,15),(629,73,118,1,16),(630,74,118,2,16),(631,75,118,3,17),(632,76,118,3,17),(633,77,118,2,18),(634,78,118,1,18),(635,79,118,3,18),(636,80,118,1,18),(637,81,118,3,18),(638,82,118,3,18),(639,83,118,3,18),(640,84,118,1,18),(641,85,118,2,19),(642,86,118,3,19),(643,87,118,3,19),(644,88,118,3,19),(645,89,118,3,19),(646,90,118,3,19),(647,91,118,3,19),(648,92,118,3,19),(649,93,118,1,20),(650,94,118,3,20),(651,95,118,1,20),(652,96,118,2,20),(653,97,118,2,20),(654,98,118,1,21),(655,99,118,1,21),(656,100,118,2,21),(657,1,119,1,1),(658,2,119,2,1),(659,3,119,1,1),(660,4,119,1,1),(661,5,119,1,1),(662,6,119,1,1),(663,7,119,1,1),(664,8,119,1,1),(665,9,119,3,1),(666,10,119,2,1),(667,11,119,1,1),(668,12,119,1,1),(669,13,119,1,1),(670,14,119,1,1),(671,15,119,1,1),(672,16,119,3,2),(673,17,119,1,2),(674,18,119,1,2),(675,19,119,1,2),(676,20,119,1,2),(677,21,119,2,2),(678,22,119,1,2),(679,23,119,1,2),(680,24,119,1,2),(681,25,119,1,2),(682,26,119,2,2),(683,27,119,1,2),(684,28,119,1,2),(685,29,119,1,2),(686,30,119,2,2),(687,31,119,1,3),(688,32,119,1,3),(689,33,119,1,3),(690,34,119,1,3),(691,35,119,1,3),(692,36,119,1,3),(693,37,119,1,4),(694,38,119,1,4),(695,39,119,1,4),(696,40,119,1,4),(697,41,119,2,4),(698,42,119,1,4),(699,43,119,1,5),(700,44,119,1,5),(701,45,119,1,5),(702,46,119,1,5),(703,47,119,2,5),(704,48,119,1,5),(705,49,119,1,6),(706,50,119,2,6),(707,51,119,1,6),(708,52,119,1,6),(709,53,119,1,6),(710,54,119,1,7),(711,55,119,1,7),(712,56,119,1,7),(713,57,119,1,8),(714,58,119,1,8),(715,59,119,1,8),(716,60,119,1,9),(717,61,119,3,9),(718,62,119,1,10),(719,63,119,1,10),(720,64,119,1,11),(721,65,119,3,11),(722,66,119,1,12),(723,67,119,3,13),(724,68,119,1,13),(725,69,119,3,14),(726,70,119,2,14),(727,71,119,2,15),(728,72,119,2,15),(729,73,119,1,16),(730,74,119,2,16),(731,75,119,2,17),(732,76,119,2,17),(733,77,119,1,18),(734,78,119,1,18),(735,79,119,3,18),(736,80,119,1,18),(737,81,119,2,18),(738,82,119,2,18),(739,83,119,2,18),(740,84,119,1,18),(741,85,119,1,19),(742,86,119,2,19),(743,87,119,1,19),(744,88,119,1,19),(745,89,119,3,19),(746,90,119,3,19),(747,91,119,3,19),(748,92,119,3,19),(749,93,119,1,20),(750,94,119,3,20),(751,95,119,2,20),(752,96,119,2,20),(753,97,119,2,20),(754,98,119,1,21),(755,99,119,1,21),(756,100,119,2,21),(757,1,120,1,43),(758,2,120,2,43),(759,3,120,3,43),(760,4,120,3,43),(761,5,120,3,43),(762,6,120,3,43),(763,7,120,3,43),(764,8,120,3,43),(765,9,120,3,43),(766,10,120,3,43),(767,11,120,3,43),(768,12,120,3,43),(769,13,120,3,43),(770,14,120,3,43),(771,15,120,3,43),(772,16,120,3,44),(773,17,120,3,44),(774,18,120,2,44),(775,19,120,3,44),(776,20,120,1,44),(777,21,120,2,44),(778,22,120,1,44),(779,23,120,1,44),(780,24,120,1,44),(781,25,120,1,44),(782,26,120,2,44),(783,27,120,1,44),(784,28,120,1,44),(785,29,120,1,44),(786,30,120,2,44),(787,31,120,2,45),(788,32,120,3,45),(789,33,120,3,45),(790,34,120,3,45),(791,35,120,3,45),(792,36,120,3,45),(793,37,120,2,46),(794,38,120,3,46),(795,39,120,2,46),(796,40,120,3,46),(797,41,120,3,46),(798,42,120,3,46),(799,43,120,2,47),(800,44,120,2,47),(801,45,120,3,47),(802,46,120,2,47),(803,47,120,2,48),(804,48,120,1,48),(805,49,120,2,49),(806,50,120,3,49),(807,51,120,2,49),(808,52,120,3,50),(809,53,120,2,50),(810,54,120,3,50),(811,55,120,3,51),(812,56,120,3,51),(813,57,120,3,52),(814,58,120,2,52),(815,59,120,3,53),(816,60,120,3,53),(817,61,120,2,53),(818,62,120,3,54),(819,63,120,3,54),(820,64,120,3,54),(821,65,120,3,55),(822,66,120,3,55),(823,67,120,3,55),(824,68,120,2,56),(825,69,120,2,56),(826,70,120,3,56),(827,71,120,2,56),(828,72,120,3,56),(829,73,120,3,57),(830,74,120,2,57),(831,75,120,2,57),(832,76,120,3,57),(833,77,120,3,57),(834,78,120,3,58),(835,79,120,2,58),(836,80,120,3,58),(837,81,120,3,58),(838,82,120,3,58),(839,83,120,1,59),(840,84,120,2,59),(841,85,120,2,59),(842,86,120,2,59),(843,87,120,3,59),(844,88,120,3,59),(845,89,120,1,59),(846,90,120,2,59),(847,91,120,2,59),(848,92,120,2,60),(849,93,120,2,60),(850,94,120,2,61),(851,95,120,2,61),(852,96,120,2,62),(853,97,120,2,62),(854,98,120,2,63),(855,99,120,2,63),(856,100,120,2,63),(857,1,121,1,64),(858,2,121,1,64),(859,3,121,1,64),(860,4,121,1,64),(861,5,121,1,64),(862,6,121,3,64),(863,7,121,3,64),(864,8,121,1,64),(865,9,121,3,64),(866,10,121,2,64),(867,11,121,1,64),(868,12,121,1,64),(869,13,121,1,64),(870,14,121,1,64),(871,15,121,3,64),(872,16,121,2,65),(873,17,121,1,65),(874,18,121,1,65),(875,19,121,1,65),(876,20,121,1,65),(877,21,121,1,65),(878,22,121,2,65),(879,23,121,2,65),(880,24,121,1,65),(881,25,121,2,65),(882,26,121,2,65),(883,27,121,1,65),(884,28,121,1,65),(885,29,121,2,65),(886,30,121,1,65),(887,31,121,2,66),(888,32,121,3,66),(889,33,121,2,67),(890,34,121,2,67),(891,35,121,3,68),(892,36,121,3,69),(893,37,121,3,70),(894,38,121,3,70),(895,39,121,3,70),(896,40,121,3,70),(897,41,121,2,70),(898,42,121,2,70),(899,43,121,3,70),(900,44,121,1,71),(901,45,121,3,71),(902,46,121,3,71),(903,47,121,3,71),(904,48,121,3,71),(905,49,121,2,71),(906,50,121,2,71),(907,51,121,1,72),(908,52,121,2,72),(909,53,121,1,72),(910,54,121,3,72),(911,55,121,3,72),(912,56,121,3,72),(913,57,121,2,72),(914,58,121,2,73),(915,59,121,2,73),(916,60,121,3,73),(917,61,121,2,73),(918,62,121,2,74),(919,63,121,1,74),(920,64,121,3,74),(921,65,121,3,74),(922,66,121,3,75),(923,67,121,3,75),(924,68,121,3,75),(925,69,121,3,75),(926,70,121,2,76),(927,71,121,3,76),(928,72,121,2,76),(929,73,121,2,76),(930,74,121,3,77),(931,75,121,2,77),(932,76,121,3,77),(933,77,121,2,77),(934,78,121,2,77),(935,79,121,2,78),(936,80,121,3,78),(937,81,121,2,78),(938,82,121,2,78),(939,83,121,3,78),(940,84,121,2,79),(941,85,121,2,79),(942,86,121,2,79),(943,87,121,2,79),(944,88,121,3,80),(945,89,121,3,80),(946,90,121,3,80),(947,91,121,2,80),(948,92,121,2,81),(949,93,121,3,81),(950,94,121,3,82),(951,95,121,3,82),(952,96,121,1,83),(953,97,121,3,83),(954,98,121,1,84),(955,99,121,3,84),(956,100,121,2,84),(957,1,122,1,1),(958,2,122,2,1),(959,3,122,1,1),(960,4,122,3,1),(961,5,122,1,1),(962,6,122,1,1),(963,7,122,1,1),(964,8,122,2,1),(965,9,122,3,1),(966,10,122,2,1),(967,11,122,1,1),(968,12,122,1,1),(969,13,122,1,1),(970,14,122,1,1),(971,15,122,3,1),(972,16,122,2,2),(973,17,122,1,2),(974,18,122,1,2),(975,19,122,1,2),(976,20,122,1,2),(977,21,122,2,2),(978,22,122,1,2),(979,23,122,2,2),(980,24,122,1,2),(981,25,122,1,2),(982,26,122,2,2),(983,27,122,1,2),(984,28,122,1,2),(985,29,122,1,2),(986,30,122,2,2),(987,31,122,1,3),(988,32,122,2,3),(989,33,122,3,3),(990,34,122,3,3),(991,35,122,3,3),(992,36,122,1,3),(993,37,122,3,4),(994,38,122,2,4),(995,39,122,3,4),(996,40,122,3,4),(997,41,122,3,4),(998,42,122,2,4),(999,43,122,1,5),(1000,44,122,1,5),(1001,45,122,1,5),(1002,46,122,1,5),(1003,47,122,3,5),(1004,48,122,1,5),(1005,49,122,3,6),(1006,50,122,3,6),(1007,51,122,3,6),(1008,52,122,3,6),(1009,53,122,3,6),(1010,54,122,1,7),(1011,55,122,2,7),(1012,56,122,2,7),(1013,57,122,1,8),(1014,58,122,3,8),(1015,59,122,1,8),(1016,60,122,1,9),(1017,61,122,2,9),(1018,62,122,3,10),(1019,63,122,2,10),(1020,64,122,2,11),(1021,65,122,1,11),(1022,66,122,1,12),(1023,67,122,3,13),(1024,68,122,1,13),(1025,69,122,1,14),(1026,70,122,2,14),(1027,71,122,1,15),(1028,72,122,2,15),(1029,73,122,3,16),(1030,74,122,2,16),(1031,75,122,2,17),(1032,76,122,2,17),(1033,77,122,1,18),(1034,78,122,3,18),(1035,79,122,3,18),(1036,80,122,3,18),(1037,81,122,3,18),(1038,82,122,3,18),(1039,83,122,3,18),(1040,84,122,1,18),(1041,85,122,3,19),(1042,86,122,3,19),(1043,87,122,3,19),(1044,88,122,3,19),(1045,89,122,3,19),(1046,90,122,3,19),(1047,91,122,3,19),(1048,92,122,3,19),(1049,93,122,3,20),(1050,94,122,3,20),(1051,95,122,2,20),(1052,96,122,2,20),(1053,97,122,1,20),(1054,98,122,2,21),(1055,99,122,2,21),(1056,100,122,2,21),(1057,1,123,2,1),(1058,2,123,1,1),(1059,3,123,1,1),(1060,4,123,2,1),(1061,5,123,2,1),(1062,6,123,3,1),(1063,7,123,1,1),(1064,8,123,1,1),(1065,9,123,3,1),(1066,10,123,1,1),(1067,11,123,1,1),(1068,12,123,2,1),(1069,13,123,2,1),(1070,14,123,1,1),(1071,15,123,2,1),(1072,16,123,1,2),(1073,17,123,1,2),(1074,18,123,1,2),(1075,19,123,2,2),(1076,20,123,1,2),(1077,21,123,2,2),(1078,22,123,1,2),(1079,23,123,1,2),(1080,24,123,1,2),(1081,25,123,2,2),(1082,26,123,2,2),(1083,27,123,1,2),(1084,28,123,1,2),(1085,29,123,1,2),(1086,30,123,2,2),(1087,31,123,1,3),(1088,32,123,2,3),(1089,33,123,3,3),(1090,34,123,3,3),(1091,35,123,3,3),(1092,36,123,2,3),(1093,37,123,3,4),(1094,38,123,2,4),(1095,39,123,3,4),(1096,40,123,3,4),(1097,41,123,3,4),(1098,42,123,2,4),(1099,43,123,3,5),(1100,44,123,2,5),(1101,45,123,1,5),(1102,46,123,1,5),(1103,47,123,2,5),(1104,48,123,2,5),(1105,49,123,3,6),(1106,50,123,3,6),(1107,51,123,2,6),(1108,52,123,3,6),(1109,53,123,3,6),(1110,54,123,2,7),(1111,55,123,1,7),(1112,56,123,2,7),(1113,57,123,2,8),(1114,58,123,2,8),(1115,59,123,1,8),(1116,60,123,3,9),(1117,61,123,2,9),(1118,62,123,2,10),(1119,63,123,2,10),(1120,64,123,2,11),(1121,65,123,1,11),(1122,66,123,1,12),(1123,67,123,3,13),(1124,68,123,2,13),(1125,69,123,2,14),(1126,70,123,3,14),(1127,71,123,2,15),(1128,72,123,1,15),(1129,73,123,1,16),(1130,74,123,2,16),(1131,75,123,2,17),(1132,76,123,2,17),(1133,77,123,2,18),(1134,78,123,3,18),(1135,79,123,3,18),(1136,80,123,1,18),(1137,81,123,1,18),(1138,82,123,3,18),(1139,83,123,2,18),(1140,84,123,2,18),(1141,85,123,1,19),(1142,86,123,3,19),(1143,87,123,3,19),(1144,88,123,2,19),(1145,89,123,3,19),(1146,90,123,1,19),(1147,91,123,3,19),(1148,92,123,2,19),(1149,93,123,1,20),(1150,94,123,2,20),(1151,95,123,2,20),(1152,96,123,2,20),(1153,97,123,2,20),(1154,98,123,3,21),(1155,99,123,2,21),(1156,100,123,2,21),(1157,1,124,1,1),(1158,2,124,1,1),(1159,3,124,3,1),(1160,4,124,1,1),(1161,5,124,1,1),(1162,6,124,3,1),(1163,7,124,1,1),(1164,8,124,1,1),(1165,9,124,3,1),(1166,10,124,3,1),(1167,11,124,3,1),(1168,12,124,1,1),(1169,13,124,1,1),(1170,14,124,1,1),(1171,15,124,3,1),(1172,16,124,3,2),(1173,17,124,1,2),(1174,18,124,1,2),(1175,19,124,2,2),(1176,20,124,1,2),(1177,21,124,3,2),(1178,22,124,1,2),(1179,23,124,2,2),(1180,24,124,3,2),(1181,25,124,3,2),(1182,26,124,1,2),(1183,27,124,1,2),(1184,28,124,1,2),(1185,29,124,1,2),(1186,30,124,3,2),(1187,31,124,2,3),(1188,32,124,3,3),(1189,33,124,3,3),(1190,34,124,3,3),(1191,35,124,3,3),(1192,36,124,1,3),(1193,37,124,3,4),(1194,38,124,1,4),(1195,39,124,3,4),(1196,40,124,3,4),(1197,41,124,3,4),(1198,42,124,1,4),(1199,43,124,3,5),(1200,44,124,3,5),(1201,45,124,1,5),(1202,46,124,1,5),(1203,47,124,1,5),(1204,48,124,1,5),(1205,49,124,3,6),(1206,50,124,3,6),(1207,51,124,1,6),(1208,52,124,3,6),(1209,53,124,1,6),(1210,54,124,3,7),(1211,55,124,3,7),(1212,56,124,1,7),(1213,57,124,1,8),(1214,58,124,1,8),(1215,59,124,1,8),(1216,60,124,1,9),(1217,61,124,3,9),(1218,62,124,3,10),(1219,63,124,1,10),(1220,64,124,1,11),(1221,65,124,1,11),(1222,66,124,1,12),(1223,67,124,3,13),(1224,68,124,1,13),(1225,69,124,1,14),(1226,70,124,2,14),(1227,71,124,3,15),(1228,72,124,3,15),(1229,73,124,1,16),(1230,74,124,1,16),(1231,75,124,1,17),(1232,76,124,3,17),(1233,77,124,1,18),(1234,78,124,1,18),(1235,79,124,3,18),(1236,80,124,3,18),(1237,81,124,3,18),(1238,82,124,3,18),(1239,83,124,1,18),(1240,84,124,1,18),(1241,85,124,3,19),(1242,86,124,1,19),(1243,87,124,3,19),(1244,88,124,1,19),(1245,89,124,3,19),(1246,90,124,3,19),(1247,91,124,3,19),(1248,92,124,3,19),(1249,93,124,1,20),(1250,94,124,3,20),(1251,95,124,1,20),(1252,96,124,2,20),(1253,97,124,3,20),(1254,98,124,2,21),(1255,99,124,1,21),(1256,100,124,2,21),(1257,1,125,1,1),(1258,2,125,1,1),(1259,3,125,2,1),(1260,4,125,3,1),(1261,5,125,1,1),(1262,6,125,1,1),(1263,7,125,3,1),(1264,8,125,3,1),(1265,9,125,3,1),(1266,10,125,3,1),(1267,11,125,3,1),(1268,12,125,1,1),(1269,13,125,1,1),(1270,14,125,1,1),(1271,15,125,3,1),(1272,16,125,3,2),(1273,17,125,3,2),(1274,18,125,1,2),(1275,19,125,3,2),(1276,20,125,1,2),(1277,21,125,2,2),(1278,22,125,1,2),(1279,23,125,2,2),(1280,24,125,1,2),(1281,25,125,1,2),(1282,26,125,1,2),(1283,27,125,1,2),(1284,28,125,1,2),(1285,29,125,1,2),(1286,30,125,2,2),(1287,31,125,3,3),(1288,32,125,3,3),(1289,33,125,3,3),(1290,34,125,3,3),(1291,35,125,3,3),(1292,36,125,2,3),(1293,37,125,3,4),(1294,38,125,1,4),(1295,39,125,3,4),(1296,40,125,3,4),(1297,41,125,2,4),(1298,42,125,2,4),(1299,43,125,3,5),(1300,44,125,2,5),(1301,45,125,1,5),(1302,46,125,1,5),(1303,47,125,1,5),(1304,48,125,1,5),(1305,49,125,2,6),(1306,50,125,3,6),(1307,51,125,3,6),(1308,52,125,3,6),(1309,53,125,3,6),(1310,54,125,3,7),(1311,55,125,3,7),(1312,56,125,3,7),(1313,57,125,3,8),(1314,58,125,1,8),(1315,59,125,1,8),(1316,60,125,1,9),(1317,61,125,3,9),(1318,62,125,1,10),(1319,63,125,2,10),(1320,64,125,2,11),(1321,65,125,1,11),(1322,66,125,1,12),(1323,67,125,3,13),(1324,68,125,3,13),(1325,69,125,1,14),(1326,70,125,2,14),(1327,71,125,2,15),(1328,72,125,3,15),(1329,73,125,1,16),(1330,74,125,3,16),(1331,75,125,3,17),(1332,76,125,2,17),(1333,77,125,3,18),(1334,78,125,3,18),(1335,79,125,3,18),(1336,80,125,3,18),(1337,81,125,3,18),(1338,82,125,3,18),(1339,83,125,2,18),(1340,84,125,1,18),(1341,85,125,3,19),(1342,86,125,3,19),(1343,87,125,3,19),(1344,88,125,3,19),(1345,89,125,3,19),(1346,90,125,3,19),(1347,91,125,3,19),(1348,92,125,3,19),(1349,93,125,2,20),(1350,94,125,3,20),(1351,95,125,1,20),(1352,96,125,2,20),(1353,97,125,3,20),(1354,98,125,3,21),(1355,99,125,3,21),(1356,100,125,1,21),(1357,1,126,1,1),(1358,2,126,2,1),(1359,3,126,2,1),(1360,4,126,1,1),(1361,5,126,1,1),(1362,6,126,1,1),(1363,7,126,1,1),(1364,8,126,1,1),(1365,9,126,3,1),(1366,10,126,2,1),(1367,11,126,1,1),(1368,12,126,1,1),(1369,13,126,1,1),(1370,14,126,3,1),(1371,15,126,3,1),(1372,16,126,1,2),(1373,17,126,1,2),(1374,18,126,1,2),(1375,19,126,2,2),(1376,20,126,1,2),(1377,21,126,2,2),(1378,22,126,2,2),(1379,23,126,3,2),(1380,24,126,2,2),(1381,25,126,2,2),(1382,26,126,2,2),(1383,27,126,1,2),(1384,28,126,1,2),(1385,29,126,1,2),(1386,30,126,2,2),(1387,31,126,1,3),(1388,32,126,1,3),(1389,33,126,3,3),(1390,34,126,1,3),(1391,35,126,1,3),(1392,36,126,1,3),(1393,37,126,1,4),(1394,38,126,2,4),(1395,39,126,1,4),(1396,40,126,3,4),(1397,41,126,3,4),(1398,42,126,1,4),(1399,43,126,3,5),(1400,44,126,1,5),(1401,45,126,1,5),(1402,46,126,1,5),(1403,47,126,1,5),(1404,48,126,1,5),(1405,49,126,1,6),(1406,50,126,3,6),(1407,51,126,3,6),(1408,52,126,3,6),(1409,53,126,3,6),(1410,54,126,1,7),(1411,55,126,3,7),(1412,56,126,3,7),(1413,57,126,1,8),(1414,58,126,2,8),(1415,59,126,2,8),(1416,60,126,3,9),(1417,61,126,3,9),(1418,62,126,3,10),(1419,63,126,1,10),(1420,64,126,1,11),(1421,65,126,1,11),(1422,66,126,2,12),(1423,67,126,3,13),(1424,68,126,2,13),(1425,69,126,1,14),(1426,70,126,2,14),(1427,71,126,2,15),(1428,72,126,1,15),(1429,73,126,1,16),(1430,74,126,1,16),(1431,75,126,3,17),(1432,76,126,2,17),(1433,77,126,1,18),(1434,78,126,1,18),(1435,79,126,3,18),(1436,80,126,1,18),(1437,81,126,2,18),(1438,82,126,3,18),(1439,83,126,1,18),(1440,84,126,2,18),(1441,85,126,1,19),(1442,86,126,3,19),(1443,87,126,3,19),(1444,88,126,3,19),(1445,89,126,3,19),(1446,90,126,3,19),(1447,91,126,3,19),(1448,92,126,3,19),(1449,93,126,2,20),(1450,94,126,3,20),(1451,95,126,3,20),(1452,96,126,3,20),(1453,97,126,3,20),(1454,98,126,3,21),(1455,99,126,2,21),(1456,100,126,2,21),(1457,1,127,1,43),(1458,2,127,2,43),(1459,3,127,3,43),(1460,4,127,3,43),(1461,5,127,3,43),(1462,6,127,3,43),(1463,7,127,3,43),(1464,8,127,3,43),(1465,9,127,3,43),(1466,10,127,3,43),(1467,11,127,3,43),(1468,12,127,3,43),(1469,13,127,3,43),(1470,14,127,3,43),(1471,15,127,3,43),(1472,16,127,1,44),(1473,17,127,1,44),(1474,18,127,1,44),(1475,19,127,1,44),(1476,20,127,1,44),(1477,21,127,2,44),(1478,22,127,1,44),(1479,23,127,1,44),(1480,24,127,2,44),(1481,25,127,1,44),(1482,26,127,2,44),(1483,27,127,1,44),(1484,28,127,1,44),(1485,29,127,2,44),(1486,30,127,2,44),(1487,31,127,2,45),(1488,32,127,3,45),(1489,33,127,3,45),(1490,34,127,3,45),(1491,35,127,3,45),(1492,36,127,3,45),(1493,37,127,3,46),(1494,38,127,3,46),(1495,39,127,2,46),(1496,40,127,2,46),(1497,41,127,2,46),(1498,42,127,2,46),(1499,43,127,3,47),(1500,44,127,2,47),(1501,45,127,1,47),(1502,46,127,3,47),(1503,47,127,2,48),(1504,48,127,2,48),(1505,49,127,2,49),(1506,50,127,3,49),(1507,51,127,2,49),(1508,52,127,3,50),(1509,53,127,2,50),(1510,54,127,3,50),(1511,55,127,3,51),(1512,56,127,3,51),(1513,57,127,3,52),(1514,58,127,2,52),(1515,59,127,3,53),(1516,60,127,2,53),(1517,61,127,2,53),(1518,62,127,2,54),(1519,63,127,2,54),(1520,64,127,3,54),(1521,65,127,3,55),(1522,66,127,2,55),(1523,67,127,2,55),(1524,68,127,3,56),(1525,69,127,2,56),(1526,70,127,2,56),(1527,71,127,3,56),(1528,72,127,2,56),(1529,73,127,3,57),(1530,74,127,2,57),(1531,75,127,2,57),(1532,76,127,1,57),(1533,77,127,1,57),(1534,78,127,3,58),(1535,79,127,2,58),(1536,80,127,2,58),(1537,81,127,3,58),(1538,82,127,3,58),(1539,83,127,1,59),(1540,84,127,2,59),(1541,85,127,2,59),(1542,86,127,2,59),(1543,87,127,2,59),(1544,88,127,2,59),(1545,89,127,1,59),(1546,90,127,3,59),(1547,91,127,2,59),(1548,92,127,3,60),(1549,93,127,3,60),(1550,94,127,3,61),(1551,95,127,3,61),(1552,96,127,2,62),(1553,97,127,2,62),(1554,98,127,3,63),(1555,99,127,2,63),(1556,100,127,2,63),(1557,1,128,1,1),(1558,2,128,1,1),(1559,3,128,1,1),(1560,4,128,1,1),(1561,5,128,1,1),(1562,6,128,1,1),(1563,7,128,1,1),(1564,8,128,1,1),(1565,9,128,2,1),(1566,10,128,3,1),(1567,11,128,1,1),(1568,12,128,1,1),(1569,13,128,1,1),(1570,14,128,1,1),(1571,15,128,2,1),(1572,16,128,2,2),(1573,17,128,1,2),(1574,18,128,1,2),(1575,19,128,2,2),(1576,20,128,1,2),(1577,21,128,1,2),(1578,22,128,1,2),(1579,23,128,1,2),(1580,24,128,2,2),(1581,25,128,1,2),(1582,26,128,2,2),(1583,27,128,1,2),(1584,28,128,1,2),(1585,29,128,2,2),(1586,30,128,1,2),(1587,31,128,1,3),(1588,32,128,2,3),(1589,33,128,3,3),(1590,34,128,2,3),(1591,35,128,2,3),(1592,36,128,1,3),(1593,37,128,3,4),(1594,38,128,1,4),(1595,39,128,2,4),(1596,40,128,2,4),(1597,41,128,2,4),(1598,42,128,2,4),(1599,43,128,3,5),(1600,44,128,1,5),(1601,45,128,1,5),(1602,46,128,3,5),(1603,47,128,2,5),(1604,48,128,1,5),(1605,49,128,2,6),(1606,50,128,2,6),(1607,51,128,2,6),(1608,52,128,2,6),(1609,53,128,2,6),(1610,54,128,1,7),(1611,55,128,1,7),(1612,56,128,1,7),(1613,57,128,2,8),(1614,58,128,1,8),(1615,59,128,3,8),(1616,60,128,1,9),(1617,61,128,3,9),(1618,62,128,2,10),(1619,63,128,1,10),(1620,64,128,3,11),(1621,65,128,2,11),(1622,66,128,1,12),(1623,67,128,3,13),(1624,68,128,1,13),(1625,69,128,3,14),(1626,70,128,2,14),(1627,71,128,2,15),(1628,72,128,3,15),(1629,73,128,1,16),(1630,74,128,1,16),(1631,75,128,1,17),(1632,76,128,2,17),(1633,77,128,2,18),(1634,78,128,1,18),(1635,79,128,2,18),(1636,80,128,1,18),(1637,81,128,3,18),(1638,82,128,2,18),(1639,83,128,3,18),(1640,84,128,1,18),(1641,85,128,2,19),(1642,86,128,3,19),(1643,87,128,3,19),(1644,88,128,3,19),(1645,89,128,3,19),(1646,90,128,2,19),(1647,91,128,3,19),(1648,92,128,3,19),(1649,93,128,1,20),(1650,94,128,2,20),(1651,95,128,2,20),(1652,96,128,3,20),(1653,97,128,2,20),(1654,98,128,2,21),(1655,99,128,1,21),(1656,100,128,2,21),(1657,1,129,1,43),(1658,2,129,1,43),(1659,3,129,3,43),(1660,4,129,3,43),(1661,5,129,1,43),(1662,6,129,3,43),(1663,7,129,3,43),(1664,8,129,3,43),(1665,9,129,3,43),(1666,10,129,1,43),(1667,11,129,3,43),(1668,12,129,2,43),(1669,13,129,3,43),(1670,14,129,2,43),(1671,15,129,3,43),(1672,16,129,1,44),(1673,17,129,1,44),(1674,18,129,1,44),(1675,19,129,1,44),(1676,20,129,1,44),(1677,21,129,1,44),(1678,22,129,2,44),(1679,23,129,1,44),(1680,24,129,1,44),(1681,25,129,2,44),(1682,26,129,2,44),(1683,27,129,1,44),(1684,28,129,1,44),(1685,29,129,1,44),(1686,30,129,2,44),(1687,31,129,2,45),(1688,32,129,3,45),(1689,33,129,3,45),(1690,34,129,3,45),(1691,35,129,3,45),(1692,36,129,3,45),(1693,37,129,3,46),(1694,38,129,2,46),(1695,39,129,2,46),(1696,40,129,3,46),(1697,41,129,2,46),(1698,42,129,2,46),(1699,43,129,3,47),(1700,44,129,2,47),(1701,45,129,2,47),(1702,46,129,2,47),(1703,47,129,2,48),(1704,48,129,1,48),(1705,49,129,3,49),(1706,50,129,1,49),(1707,51,129,2,49),(1708,52,129,3,50),(1709,53,129,2,50),(1710,54,129,1,50),(1711,55,129,2,51),(1712,56,129,3,51),(1713,57,129,2,52),(1714,58,129,3,52),(1715,59,129,3,53),(1716,60,129,3,53),(1717,61,129,2,53),(1718,62,129,2,54),(1719,63,129,2,54),(1720,64,129,2,54),(1721,65,129,3,55),(1722,66,129,2,55),(1723,67,129,2,55),(1724,68,129,2,56),(1725,69,129,2,56),(1726,70,129,2,56),(1727,71,129,2,56),(1728,72,129,2,56),(1729,73,129,3,57),(1730,74,129,2,57),(1731,75,129,3,57),(1732,76,129,2,57),(1733,77,129,1,57),(1734,78,129,2,58),(1735,79,129,2,58),(1736,80,129,3,58),(1737,81,129,1,58),(1738,82,129,3,58),(1739,83,129,2,59),(1740,84,129,2,59),(1741,85,129,2,59),(1742,86,129,2,59),(1743,87,129,2,59),(1744,88,129,2,59),(1745,89,129,2,59),(1746,90,129,2,59),(1747,91,129,2,59),(1748,92,129,3,60),(1749,93,129,3,60),(1750,94,129,2,61),(1751,95,129,3,61),(1752,96,129,2,62),(1753,97,129,2,62),(1754,98,129,3,63),(1755,99,129,2,63),(1756,100,129,2,63),(1757,1,130,1,1),(1758,2,130,2,1),(1759,3,130,1,1),(1760,4,130,3,1),(1761,5,130,3,1),(1762,6,130,2,1),(1763,7,130,1,1),(1764,8,130,2,1),(1765,9,130,3,1),(1766,10,130,2,1),(1767,11,130,3,1),(1768,12,130,2,1),(1769,13,130,3,1),(1770,14,130,3,1),(1771,15,130,3,1),(1772,16,130,1,2),(1773,17,130,2,2),(1774,18,130,3,2),(1775,19,130,1,2),(1776,20,130,1,2),(1777,21,130,2,2),(1778,22,130,1,2),(1779,23,130,1,2),(1780,24,130,3,2),(1781,25,130,2,2),(1782,26,130,2,2),(1783,27,130,1,2),(1784,28,130,1,2),(1785,29,130,1,2),(1786,30,130,1,2),(1787,31,130,1,3),(1788,32,130,3,3),(1789,33,130,3,3),(1790,34,130,3,3),(1791,35,130,3,3),(1792,36,130,2,3),(1793,37,130,3,4),(1794,38,130,1,4),(1795,39,130,3,4),(1796,40,130,3,4),(1797,41,130,2,4),(1798,42,130,2,4),(1799,43,130,3,5),(1800,44,130,2,5),(1801,45,130,3,5),(1802,46,130,1,5),(1803,47,130,3,5),(1804,48,130,3,5),(1805,49,130,3,6),(1806,50,130,3,6),(1807,51,130,1,6),(1808,52,130,3,6),(1809,53,130,2,6),(1810,54,130,1,7),(1811,55,130,2,7),(1812,56,130,2,7),(1813,57,130,1,8),(1814,58,130,2,8),(1815,59,130,1,8),(1816,60,130,1,9),(1817,61,130,3,9),(1818,62,130,1,10),(1819,63,130,1,10),(1820,64,130,1,11),(1821,65,130,1,11),(1822,66,130,1,12),(1823,67,130,3,13),(1824,68,130,2,13),(1825,69,130,3,14),(1826,70,130,2,14),(1827,71,130,3,15),(1828,72,130,3,15),(1829,73,130,2,16),(1830,74,130,1,16),(1831,75,130,2,17),(1832,76,130,1,17),(1833,77,130,3,18),(1834,78,130,3,18),(1835,79,130,3,18),(1836,80,130,3,18),(1837,81,130,3,18),(1838,82,130,3,18),(1839,83,130,3,18),(1840,84,130,1,18),(1841,85,130,3,19),(1842,86,130,3,19),(1843,87,130,3,19),(1844,88,130,3,19),(1845,89,130,3,19),(1846,90,130,2,19),(1847,91,130,3,19),(1848,92,130,3,19),(1849,93,130,2,20),(1850,94,130,3,20),(1851,95,130,1,20),(1852,96,130,2,20),(1853,97,130,1,20),(1854,98,130,3,21),(1855,99,130,3,21),(1856,100,130,1,21),(1857,1,131,1,1),(1858,2,131,1,1),(1859,3,131,1,1),(1860,4,131,1,1),(1861,5,131,1,1),(1862,6,131,1,1),(1863,7,131,1,1),(1864,8,131,1,1),(1865,9,131,1,1),(1866,10,131,1,1),(1867,11,131,1,1),(1868,12,131,2,1),(1869,13,131,1,1),(1870,14,131,1,1),(1871,15,131,2,1),(1872,16,131,1,2),(1873,17,131,1,2),(1874,18,131,1,2),(1875,19,131,1,2),(1876,20,131,1,2),(1877,21,131,1,2),(1878,22,131,1,2),(1879,23,131,2,2),(1880,24,131,2,2),(1881,25,131,1,2),(1882,26,131,2,2),(1883,27,131,1,2),(1884,28,131,1,2),(1885,29,131,2,2),(1886,30,131,1,2),(1887,31,131,1,3),(1888,32,131,1,3),(1889,33,131,1,3),(1890,34,131,1,3),(1891,35,131,1,3),(1892,36,131,2,3),(1893,37,131,1,4),(1894,38,131,1,4),(1895,39,131,1,4),(1896,40,131,3,4),(1897,41,131,1,4),(1898,42,131,1,4),(1899,43,131,1,5),(1900,44,131,1,5),(1901,45,131,1,5),(1902,46,131,1,5),(1903,47,131,1,5),(1904,48,131,1,5),(1905,49,131,1,6),(1906,50,131,2,6),(1907,51,131,1,6),(1908,52,131,1,6),(1909,53,131,1,6),(1910,54,131,1,7),(1911,55,131,1,7),(1912,56,131,1,7),(1913,57,131,1,8),(1914,58,131,1,8),(1915,59,131,1,8),(1916,60,131,3,9),(1917,61,131,3,9),(1918,62,131,1,10),(1919,63,131,1,10),(1920,64,131,1,11),(1921,65,131,1,11),(1922,66,131,1,12),(1923,67,131,3,13),(1924,68,131,2,13),(1925,69,131,3,14),(1926,70,131,2,14),(1927,71,131,3,15),(1928,72,131,2,15),(1929,73,131,1,16),(1930,74,131,2,16),(1931,75,131,2,17),(1932,76,131,2,17),(1933,77,131,1,18),(1934,78,131,1,18),(1935,79,131,1,18),(1936,80,131,1,18),(1937,81,131,1,18),(1938,82,131,1,18),(1939,83,131,1,18),(1940,84,131,1,18),(1941,85,131,1,19),(1942,86,131,1,19),(1943,87,131,1,19),(1944,88,131,1,19),(1945,89,131,1,19),(1946,90,131,1,19),(1947,91,131,1,19),(1948,92,131,2,19),(1949,93,131,1,20),(1950,94,131,1,20),(1951,95,131,2,20),(1952,96,131,2,20),(1953,97,131,3,20),(1954,98,131,3,21),(1955,99,131,1,21),(1956,100,131,1,21),(1957,1,132,1,1),(1958,2,132,2,1),(1959,3,132,2,1),(1960,4,132,1,1),(1961,5,132,1,1),(1962,6,132,1,1),(1963,7,132,2,1),(1964,8,132,2,1),(1965,9,132,2,1),(1966,10,132,2,1),(1967,11,132,2,1),(1968,12,132,3,1),(1969,13,132,1,1),(1970,14,132,2,1),(1971,15,132,2,1),(1972,16,132,1,2),(1973,17,132,2,2),(1974,18,132,1,2),(1975,19,132,2,2),(1976,20,132,2,2),(1977,21,132,1,2),(1978,22,132,1,2),(1979,23,132,1,2),(1980,24,132,2,2),(1981,25,132,2,2),(1982,26,132,1,2),(1983,27,132,1,2),(1984,28,132,1,2),(1985,29,132,1,2),(1986,30,132,2,2),(1987,31,132,2,3),(1988,32,132,1,3),(1989,33,132,2,3),(1990,34,132,2,3),(1991,35,132,2,3),(1992,36,132,2,3),(1993,37,132,2,4),(1994,38,132,2,4),(1995,39,132,2,4),(1996,40,132,3,4),(1997,41,132,2,4),(1998,42,132,2,4),(1999,43,132,1,5),(2000,44,132,2,5),(2001,45,132,3,5),(2002,46,132,1,5),(2003,47,132,2,5),(2004,48,132,2,5),(2005,49,132,2,6),(2006,50,132,2,6),(2007,51,132,2,6),(2008,52,132,2,6),(2009,53,132,1,6),(2010,54,132,2,7),(2011,55,132,1,7),(2012,56,132,2,7),(2013,57,132,1,8),(2014,58,132,2,8),(2015,59,132,2,8),(2016,60,132,1,9),(2017,61,132,1,9),(2018,62,132,1,10),(2019,63,132,1,10),(2020,64,132,1,11),(2021,65,132,1,11),(2022,66,132,2,12),(2023,67,132,2,13),(2024,68,132,2,13),(2025,69,132,1,14),(2026,70,132,2,14),(2027,71,132,2,15),(2028,72,132,2,15),(2029,73,132,2,16),(2030,74,132,2,16),(2031,75,132,2,17),(2032,76,132,2,17),(2033,77,132,2,18),(2034,78,132,2,18),(2035,79,132,1,18),(2036,80,132,3,18),(2037,81,132,2,18),(2038,82,132,1,18),(2039,83,132,3,18),(2040,84,132,3,18),(2041,85,132,1,19),(2042,86,132,2,19),(2043,87,132,2,19),(2044,88,132,2,19),(2045,89,132,2,19),(2046,90,132,2,19),(2047,91,132,2,19),(2048,92,132,2,19),(2049,93,132,1,20),(2050,94,132,2,20),(2051,95,132,2,20),(2052,96,132,2,20),(2053,97,132,1,20),(2054,98,132,2,21),(2055,99,132,1,21),(2056,100,132,2,21),(2057,1,133,1,64),(2058,2,133,1,64),(2059,3,133,1,64),(2060,4,133,1,64),(2061,5,133,1,64),(2062,6,133,1,64),(2063,7,133,3,64),(2064,8,133,3,64),(2065,9,133,3,64),(2066,10,133,3,64),(2067,11,133,3,64),(2068,12,133,3,64),(2069,13,133,1,64),(2070,14,133,2,64),(2071,15,133,2,64),(2072,16,133,1,65),(2073,17,133,1,65),(2074,18,133,1,65),(2075,19,133,2,65),(2076,20,133,1,65),(2077,21,133,1,65),(2078,22,133,1,65),(2079,23,133,2,65),(2080,24,133,1,65),(2081,25,133,2,65),(2082,26,133,2,65),(2083,27,133,1,65),(2084,28,133,1,65),(2085,29,133,2,65),(2086,30,133,1,65),(2087,31,133,2,66),(2088,32,133,1,66),(2089,33,133,1,67),(2090,34,133,2,67),(2091,35,133,2,68),(2092,36,133,2,69),(2093,37,133,2,70),(2094,38,133,2,70),(2095,39,133,2,70),(2096,40,133,1,70),(2097,41,133,3,70),(2098,42,133,3,70),(2099,43,133,3,70),(2100,44,133,3,71),(2101,45,133,3,71),(2102,46,133,3,71),(2103,47,133,3,71),(2104,48,133,1,71),(2105,49,133,2,71),(2106,50,133,2,71),(2107,51,133,2,72),(2108,52,133,2,72),(2109,53,133,1,72),(2110,54,133,2,72),(2111,55,133,3,72),(2112,56,133,2,72),(2113,57,133,2,72),(2114,58,133,2,73),(2115,59,133,1,73),(2116,60,133,1,73),(2117,61,133,2,73),(2118,62,133,2,74),(2119,63,133,1,74),(2120,64,133,2,74),(2121,65,133,1,74),(2122,66,133,2,75),(2123,67,133,2,75),(2124,68,133,2,75),(2125,69,133,2,75),(2126,70,133,2,76),(2127,71,133,2,76),(2128,72,133,1,76),(2129,73,133,1,76),(2130,74,133,3,77),(2131,75,133,2,77),(2132,76,133,1,77),(2133,77,133,2,77),(2134,78,133,2,77),(2135,79,133,2,78),(2136,80,133,1,78),(2137,81,133,1,78),(2138,82,133,1,78),(2139,83,133,2,78),(2140,84,133,2,79),(2141,85,133,2,79),(2142,86,133,2,79),(2143,87,133,2,79),(2144,88,133,2,80),(2145,89,133,2,80),(2146,90,133,1,80),(2147,91,133,2,80),(2148,92,133,2,81),(2149,93,133,1,81),(2150,94,133,2,82),(2151,95,133,3,82),(2152,96,133,2,83),(2153,97,133,2,83),(2154,98,133,1,84),(2155,99,133,2,84),(2156,100,133,2,84),(2157,1,134,1,43),(2158,2,134,1,43),(2159,3,134,2,43),(2160,4,134,2,43),(2161,5,134,3,43),(2162,6,134,3,43),(2163,7,134,2,43),(2164,8,134,3,43),(2165,9,134,3,43),(2166,10,134,2,43),(2167,11,134,2,43),(2168,12,134,2,43),(2169,13,134,2,43),(2170,14,134,1,43),(2171,15,134,1,43),(2172,16,134,2,44),(2173,17,134,1,44),(2174,18,134,2,44),(2175,19,134,1,44),(2176,20,134,1,44),(2177,21,134,2,44),(2178,22,134,1,44),(2179,23,134,1,44),(2180,24,134,1,44),(2181,25,134,1,44),(2182,26,134,2,44),(2183,27,134,1,44),(2184,28,134,1,44),(2185,29,134,1,44),(2186,30,134,2,44),(2187,31,134,2,45),(2188,32,134,2,45),(2189,33,134,3,45),(2190,34,134,1,45),(2191,35,134,2,45),(2192,36,134,3,45),(2193,37,134,2,46),(2194,38,134,2,46),(2195,39,134,2,46),(2196,40,134,2,46),(2197,41,134,2,46),(2198,42,134,2,46),(2199,43,134,1,47),(2200,44,134,2,47),(2201,45,134,2,47),(2202,46,134,2,47),(2203,47,134,2,48),(2204,48,134,1,48),(2205,49,134,2,49),(2206,50,134,1,49),(2207,51,134,2,49),(2208,52,134,2,50),(2209,53,134,2,50),(2210,54,134,2,50),(2211,55,134,2,51),(2212,56,134,2,51),(2213,57,134,1,52),(2214,58,134,2,52),(2215,59,134,2,53),(2216,60,134,2,53),(2217,61,134,2,53),(2218,62,134,2,54),(2219,63,134,2,54),(2220,64,134,2,54),(2221,65,134,1,55),(2222,66,134,2,55),(2223,67,134,2,55),(2224,68,134,2,56),(2225,69,134,2,56),(2226,70,134,1,56),(2227,71,134,2,56),(2228,72,134,2,56),(2229,73,134,2,57),(2230,74,134,2,57),(2231,75,134,2,57),(2232,76,134,2,57),(2233,77,134,2,57),(2234,78,134,2,58),(2235,79,134,2,58),(2236,80,134,2,58),(2237,81,134,2,58),(2238,82,134,1,58),(2239,83,134,1,59),(2240,84,134,2,59),(2241,85,134,1,59),(2242,86,134,2,59),(2243,87,134,2,59),(2244,88,134,1,59),(2245,89,134,1,59),(2246,90,134,2,59),(2247,91,134,2,59),(2248,92,134,2,60),(2249,93,134,3,60),(2250,94,134,2,61),(2251,95,134,3,61),(2252,96,134,2,62),(2253,97,134,2,62),(2254,98,134,1,63),(2255,99,134,2,63),(2256,100,134,2,63),(2257,1,135,1,1),(2258,2,135,2,1),(2259,3,135,1,1),(2260,4,135,1,1),(2261,5,135,1,1),(2262,6,135,1,1),(2263,7,135,1,1),(2264,8,135,2,1),(2265,9,135,3,1),(2266,10,135,3,1),(2267,11,135,1,1),(2268,12,135,1,1),(2269,13,135,1,1),(2270,14,135,1,1),(2271,15,135,3,1),(2272,16,135,3,2),(2273,17,135,3,2),(2274,18,135,1,2),(2275,19,135,2,2),(2276,20,135,1,2),(2277,21,135,3,2),(2278,22,135,1,2),(2279,23,135,2,2),(2280,24,135,3,2),(2281,25,135,1,2),(2282,26,135,1,2),(2283,27,135,1,2),(2284,28,135,1,2),(2285,29,135,1,2),(2286,30,135,2,2),(2287,31,135,1,3),(2288,32,135,1,3),(2289,33,135,3,3),(2290,34,135,1,3),(2291,35,135,3,3),(2292,36,135,2,3),(2293,37,135,1,4),(2294,38,135,1,4),(2295,39,135,3,4),(2296,40,135,3,4),(2297,41,135,2,4),(2298,42,135,1,4),(2299,43,135,3,5),(2300,44,135,1,5),(2301,45,135,2,5),(2302,46,135,1,5),(2303,47,135,1,5),(2304,48,135,1,5),(2305,49,135,3,6),(2306,50,135,3,6),(2307,51,135,1,6),(2308,52,135,3,6),(2309,53,135,3,6),(2310,54,135,2,7),(2311,55,135,2,7),(2312,56,135,1,7),(2313,57,135,1,8),(2314,58,135,1,8),(2315,59,135,1,8),(2316,60,135,1,9),(2317,61,135,3,9),(2318,62,135,3,10),(2319,63,135,3,10),(2320,64,135,2,11),(2321,65,135,3,11),(2322,66,135,2,12),(2323,67,135,3,13),(2324,68,135,3,13),(2325,69,135,1,14),(2326,70,135,2,14),(2327,71,135,1,15),(2328,72,135,3,15),(2329,73,135,1,16),(2330,74,135,1,16),(2331,75,135,3,17),(2332,76,135,2,17),(2333,77,135,1,18),(2334,78,135,1,18),(2335,79,135,3,18),(2336,80,135,3,18),(2337,81,135,1,18),(2338,82,135,1,18),(2339,83,135,3,18),(2340,84,135,1,18),(2341,85,135,2,19),(2342,86,135,3,19),(2343,87,135,3,19),(2344,88,135,3,19),(2345,89,135,1,19),(2346,90,135,2,19),(2347,91,135,1,19),(2348,92,135,3,19),(2349,93,135,1,20),(2350,94,135,3,20),(2351,95,135,2,20),(2352,96,135,2,20),(2353,97,135,3,20),(2354,98,135,1,21),(2355,99,135,2,21),(2356,100,135,2,21),(2357,1,136,1,1),(2358,2,136,1,1),(2359,3,136,1,1),(2360,4,136,1,1),(2361,5,136,1,1),(2362,6,136,1,1),(2363,7,136,1,1),(2364,8,136,2,1),(2365,9,136,3,1),(2366,10,136,3,1),(2367,11,136,1,1),(2368,12,136,2,1),(2369,13,136,1,1),(2370,14,136,1,1),(2371,15,136,2,1),(2372,16,136,1,2),(2373,17,136,1,2),(2374,18,136,1,2),(2375,19,136,2,2),(2376,20,136,1,2),(2377,21,136,2,2),(2378,22,136,2,2),(2379,23,136,1,2),(2380,24,136,2,2),(2381,25,136,2,2),(2382,26,136,1,2),(2383,27,136,1,2),(2384,28,136,1,2),(2385,29,136,1,2),(2386,30,136,1,2),(2387,31,136,3,3),(2388,32,136,1,3),(2389,33,136,3,3),(2390,34,136,2,3),(2391,35,136,2,3),(2392,36,136,2,3),(2393,37,136,3,4),(2394,38,136,2,4),(2395,39,136,3,4),(2396,40,136,3,4),(2397,41,136,2,4),(2398,42,136,2,4),(2399,43,136,3,5),(2400,44,136,1,5),(2401,45,136,1,5),(2402,46,136,1,5),(2403,47,136,3,5),(2404,48,136,1,5),(2405,49,136,2,6),(2406,50,136,3,6),(2407,51,136,3,6),(2408,52,136,3,6),(2409,53,136,2,6),(2410,54,136,1,7),(2411,55,136,2,7),(2412,56,136,1,7),(2413,57,136,2,8),(2414,58,136,2,8),(2415,59,136,2,8),(2416,60,136,3,9),(2417,61,136,3,9),(2418,62,136,1,10),(2419,63,136,1,10),(2420,64,136,1,11),(2421,65,136,1,11),(2422,66,136,1,12),(2423,67,136,3,13),(2424,68,136,3,13),(2425,69,136,2,14),(2426,70,136,2,14),(2427,71,136,3,15),(2428,72,136,3,15),(2429,73,136,2,16),(2430,74,136,2,16),(2431,75,136,2,17),(2432,76,136,2,17),(2433,77,136,1,18),(2434,78,136,3,18),(2435,79,136,3,18),(2436,80,136,3,18),(2437,81,136,3,18),(2438,82,136,3,18),(2439,83,136,3,18),(2440,84,136,3,18),(2441,85,136,2,19),(2442,86,136,3,19),(2443,87,136,3,19),(2444,88,136,3,19),(2445,89,136,3,19),(2446,90,136,3,19),(2447,91,136,3,19),(2448,92,136,3,19),(2449,93,136,1,20),(2450,94,136,2,20),(2451,95,136,2,20),(2452,96,136,2,20),(2453,97,136,2,20),(2454,98,136,2,21),(2455,99,136,1,21),(2456,100,136,1,21),(2457,1,137,1,1),(2458,2,137,3,1),(2459,3,137,3,1),(2460,4,137,2,1),(2461,5,137,1,1),(2462,6,137,1,1),(2463,7,137,1,1),(2464,8,137,3,1),(2465,9,137,3,1),(2466,10,137,2,1),(2467,11,137,1,1),(2468,12,137,1,1),(2469,13,137,1,1),(2470,14,137,3,1),(2471,15,137,3,1),(2472,16,137,1,2),(2473,17,137,1,2),(2474,18,137,1,2),(2475,19,137,3,2),(2476,20,137,1,2),(2477,21,137,2,2),(2478,22,137,1,2),(2479,23,137,1,2),(2480,24,137,3,2),(2481,25,137,2,2),(2482,26,137,1,2),(2483,27,137,1,2),(2484,28,137,1,2),(2485,29,137,3,2),(2486,30,137,3,2),(2487,31,137,1,3),(2488,32,137,3,3),(2489,33,137,3,3),(2490,34,137,3,3),(2491,35,137,2,3),(2492,36,137,3,3),(2493,37,137,1,4),(2494,38,137,2,4),(2495,39,137,3,4),(2496,40,137,3,4),(2497,41,137,2,4),(2498,42,137,2,4),(2499,43,137,3,5),(2500,44,137,1,5),(2501,45,137,1,5),(2502,46,137,1,5),(2503,47,137,3,5),(2504,48,137,2,5),(2505,49,137,2,6),(2506,50,137,3,6),(2507,51,137,3,6),(2508,52,137,3,6),(2509,53,137,3,6),(2510,54,137,2,7),(2511,55,137,2,7),(2512,56,137,2,7),(2513,57,137,1,8),(2514,58,137,1,8),(2515,59,137,3,8),(2516,60,137,3,9),(2517,61,137,3,9),(2518,62,137,1,10),(2519,63,137,1,10),(2520,64,137,2,11),(2521,65,137,3,11),(2522,66,137,1,12),(2523,67,137,3,13),(2524,68,137,3,13),(2525,69,137,3,14),(2526,70,137,2,14),(2527,71,137,3,15),(2528,72,137,3,15),(2529,73,137,1,16),(2530,74,137,1,16),(2531,75,137,3,17),(2532,76,137,2,17),(2533,77,137,3,18),(2534,78,137,3,18),(2535,79,137,3,18),(2536,80,137,3,18),(2537,81,137,3,18),(2538,82,137,3,18),(2539,83,137,3,18),(2540,84,137,3,18),(2541,85,137,3,19),(2542,86,137,3,19),(2543,87,137,3,19),(2544,88,137,3,19),(2545,89,137,3,19),(2546,90,137,3,19),(2547,91,137,3,19),(2548,92,137,3,19),(2549,93,137,1,20),(2550,94,137,3,20),(2551,95,137,1,20),(2552,96,137,3,20),(2553,97,137,2,20),(2554,98,137,1,21),(2555,99,137,1,21),(2556,100,137,1,21),(2557,1,138,1,1),(2558,2,138,2,1),(2559,3,138,1,1),(2560,4,138,2,1),(2561,5,138,1,1),(2562,6,138,3,1),(2563,7,138,2,1),(2564,8,138,1,1),(2565,9,138,3,1),(2566,10,138,2,1),(2567,11,138,3,1),(2568,12,138,1,1),(2569,13,138,3,1),(2570,14,138,3,1),(2571,15,138,3,1),(2572,16,138,2,2),(2573,17,138,2,2),(2574,18,138,2,2),(2575,19,138,2,2),(2576,20,138,1,2),(2577,21,138,2,2),(2578,22,138,2,2),(2579,23,138,2,2),(2580,24,138,3,2),(2581,25,138,1,2),(2582,26,138,1,2),(2583,27,138,1,2),(2584,28,138,1,2),(2585,29,138,2,2),(2586,30,138,2,2),(2587,31,138,2,3),(2588,32,138,3,3),(2589,33,138,3,3),(2590,34,138,3,3),(2591,35,138,3,3),(2592,36,138,2,3),(2593,37,138,3,4),(2594,38,138,1,4),(2595,39,138,3,4),(2596,40,138,3,4),(2597,41,138,1,4),(2598,42,138,2,4),(2599,43,138,3,5),(2600,44,138,2,5),(2601,45,138,1,5),(2602,46,138,1,5),(2603,47,138,1,5),(2604,48,138,1,5),(2605,49,138,1,6),(2606,50,138,3,6),(2607,51,138,3,6),(2608,52,138,3,6),(2609,53,138,3,6),(2610,54,138,1,7),(2611,55,138,2,7),(2612,56,138,1,7),(2613,57,138,1,8),(2614,58,138,1,8),(2615,59,138,1,8),(2616,60,138,1,9),(2617,61,138,3,9),(2618,62,138,2,10),(2619,63,138,1,10),(2620,64,138,2,11),(2621,65,138,1,11),(2622,66,138,1,12),(2623,67,138,3,13),(2624,68,138,2,13),(2625,69,138,2,14),(2626,70,138,3,14),(2627,71,138,2,15),(2628,72,138,3,15),(2629,73,138,1,16),(2630,74,138,2,16),(2631,75,138,2,17),(2632,76,138,2,17),(2633,77,138,3,18),(2634,78,138,2,18),(2635,79,138,3,18),(2636,80,138,3,18),(2637,81,138,3,18),(2638,82,138,3,18),(2639,83,138,3,18),(2640,84,138,1,18),(2641,85,138,3,19),(2642,86,138,3,19),(2643,87,138,3,19),(2644,88,138,3,19),(2645,89,138,3,19),(2646,90,138,3,19),(2647,91,138,3,19),(2648,92,138,3,19),(2649,93,138,1,20),(2650,94,138,2,20),(2651,95,138,2,20),(2652,96,138,2,20),(2653,97,138,2,20),(2654,98,138,1,21),(2655,99,138,1,21),(2656,100,138,2,21),(2657,1,139,1,1),(2658,2,139,2,1),(2659,3,139,1,1),(2660,4,139,1,1),(2661,5,139,1,1),(2662,6,139,2,1),(2663,7,139,1,1),(2664,8,139,1,1),(2665,9,139,2,1),(2666,10,139,1,1),(2667,11,139,1,1),(2668,12,139,1,1),(2669,13,139,1,1),(2670,14,139,2,1),(2671,15,139,2,1),(2672,16,139,1,2),(2673,17,139,1,2),(2674,18,139,1,2),(2675,19,139,2,2),(2676,20,139,1,2),(2677,21,139,1,2),(2678,22,139,1,2),(2679,23,139,2,2),(2680,24,139,2,2),(2681,25,139,2,2),(2682,26,139,2,2),(2683,27,139,1,2),(2684,28,139,1,2),(2685,29,139,2,2),(2686,30,139,2,2),(2687,31,139,3,3),(2688,32,139,3,3),(2689,33,139,2,3),(2690,34,139,2,3),(2691,35,139,2,3),(2692,36,139,2,3),(2693,37,139,3,4),(2694,38,139,2,4),(2695,39,139,3,4),(2696,40,139,2,4),(2697,41,139,2,4),(2698,42,139,2,4),(2699,43,139,2,5),(2700,44,139,2,5),(2701,45,139,1,5),(2702,46,139,1,5),(2703,47,139,3,5),(2704,48,139,1,5),(2705,49,139,2,6),(2706,50,139,3,6),(2707,51,139,2,6),(2708,52,139,2,6),(2709,53,139,1,6),(2710,54,139,1,7),(2711,55,139,3,7),(2712,56,139,2,7),(2713,57,139,1,8),(2714,58,139,2,8),(2715,59,139,3,8),(2716,60,139,1,9),(2717,61,139,1,9),(2718,62,139,1,10),(2719,63,139,1,10),(2720,64,139,1,11),(2721,65,139,1,11),(2722,66,139,1,12),(2723,67,139,3,13),(2724,68,139,2,13),(2725,69,139,1,14),(2726,70,139,2,14),(2727,71,139,3,15),(2728,72,139,1,15),(2729,73,139,2,16),(2730,74,139,1,16),(2731,75,139,2,17),(2732,76,139,1,17),(2733,77,139,1,18),(2734,78,139,3,18),(2735,79,139,2,18),(2736,80,139,1,18),(2737,81,139,1,18),(2738,82,139,1,18),(2739,83,139,3,18),(2740,84,139,2,18),(2741,85,139,1,19),(2742,86,139,2,19),(2743,87,139,3,19),(2744,88,139,2,19),(2745,89,139,3,19),(2746,90,139,2,19),(2747,91,139,3,19),(2748,92,139,1,19),(2749,93,139,1,20),(2750,94,139,1,20),(2751,95,139,2,20),(2752,96,139,2,20),(2753,97,139,3,20),(2754,98,139,2,21),(2755,99,139,1,21),(2756,100,139,2,21),(2757,1,140,1,1),(2758,2,140,2,1),(2759,3,140,1,1),(2760,4,140,1,1),(2761,5,140,3,1),(2762,6,140,1,1),(2763,7,140,1,1),(2764,8,140,2,1),(2765,9,140,3,1),(2766,10,140,2,1),(2767,11,140,3,1),(2768,12,140,1,1),(2769,13,140,3,1),(2770,14,140,1,1),(2771,15,140,3,1),(2772,16,140,1,2),(2773,17,140,1,2),(2774,18,140,1,2),(2775,19,140,2,2),(2776,20,140,1,2),(2777,21,140,1,2),(2778,22,140,1,2),(2779,23,140,1,2),(2780,24,140,2,2),(2781,25,140,2,2),(2782,26,140,1,2),(2783,27,140,1,2),(2784,28,140,1,2),(2785,29,140,2,2),(2786,30,140,3,2),(2787,31,140,1,3),(2788,32,140,1,3),(2789,33,140,2,3),(2790,34,140,1,3),(2791,35,140,3,3),(2792,36,140,3,3),(2793,37,140,3,4),(2794,38,140,1,4),(2795,39,140,3,4),(2796,40,140,3,4),(2797,41,140,3,4),(2798,42,140,2,4),(2799,43,140,3,5),(2800,44,140,1,5),(2801,45,140,1,5),(2802,46,140,1,5),(2803,47,140,3,5),(2804,48,140,1,5),(2805,49,140,2,6),(2806,50,140,3,6),(2807,51,140,3,6),(2808,52,140,3,6),(2809,53,140,1,6),(2810,54,140,3,7),(2811,55,140,2,7),(2812,56,140,3,7),(2813,57,140,2,8),(2814,58,140,2,8),(2815,59,140,3,8),(2816,60,140,2,9),(2817,61,140,2,9),(2818,62,140,2,10),(2819,63,140,1,10),(2820,64,140,2,11),(2821,65,140,3,11),(2822,66,140,1,12),(2823,67,140,3,13),(2824,68,140,2,13),(2825,69,140,1,14),(2826,70,140,2,14),(2827,71,140,3,15),(2828,72,140,3,15),(2829,73,140,3,16),(2830,74,140,2,16),(2831,75,140,2,17),(2832,76,140,2,17),(2833,77,140,3,18),(2834,78,140,3,18),(2835,79,140,3,18),(2836,80,140,3,18),(2837,81,140,1,18),(2838,82,140,3,18),(2839,83,140,3,18),(2840,84,140,3,18),(2841,85,140,2,19),(2842,86,140,3,19),(2843,87,140,3,19),(2844,88,140,3,19),(2845,89,140,2,19),(2846,90,140,2,19),(2847,91,140,1,19),(2848,92,140,3,19),(2849,93,140,2,20),(2850,94,140,2,20),(2851,95,140,2,20),(2852,96,140,2,20),(2853,97,140,2,20),(2854,98,140,1,21),(2855,99,140,3,21),(2856,100,140,2,21),(2857,1,141,1,1),(2858,2,141,2,1),(2859,3,141,1,1),(2860,4,141,1,1),(2861,5,141,1,1),(2862,6,141,2,1),(2863,7,141,1,1),(2864,8,141,1,1),(2865,9,141,3,1),(2866,10,141,3,1),(2867,11,141,1,1),(2868,12,141,1,1),(2869,13,141,3,1),(2870,14,141,3,1),(2871,15,141,3,1),(2872,16,141,1,2),(2873,17,141,1,2),(2874,18,141,3,2),(2875,19,141,3,2),(2876,20,141,1,2),(2877,21,141,1,2),(2878,22,141,2,2),(2879,23,141,2,2),(2880,24,141,3,2),(2881,25,141,1,2),(2882,26,141,1,2),(2883,27,141,1,2),(2884,28,141,1,2),(2885,29,141,3,2),(2886,30,141,2,2),(2887,31,141,3,3),(2888,32,141,1,3),(2889,33,141,3,3),(2890,34,141,2,3),(2891,35,141,3,3),(2892,36,141,2,3),(2893,37,141,1,4),(2894,38,141,1,4),(2895,39,141,1,4),(2896,40,141,3,4),(2897,41,141,2,4),(2898,42,141,2,4),(2899,43,141,1,5),(2900,44,141,1,5),(2901,45,141,1,5),(2902,46,141,1,5),(2903,47,141,1,5),(2904,48,141,2,5),(2905,49,141,1,6),(2906,50,141,2,6),(2907,51,141,1,6),(2908,52,141,1,6),(2909,53,141,1,6),(2910,54,141,1,7),(2911,55,141,2,7),(2912,56,141,1,7),(2913,57,141,2,8),(2914,58,141,1,8),(2915,59,141,3,8),(2916,60,141,1,9),(2917,61,141,3,9),(2918,62,141,1,10),(2919,63,141,1,10),(2920,64,141,1,11),(2921,65,141,1,11),(2922,66,141,1,12),(2923,67,141,3,13),(2924,68,141,3,13),(2925,69,141,1,14),(2926,70,141,2,14),(2927,71,141,3,15),(2928,72,141,3,15),(2929,73,141,1,16),(2930,74,141,2,16),(2931,75,141,1,17),(2932,76,141,3,17),(2933,77,141,1,18),(2934,78,141,1,18),(2935,79,141,3,18),(2936,80,141,1,18),(2937,81,141,1,18),(2938,82,141,3,18),(2939,83,141,3,18),(2940,84,141,1,18),(2941,85,141,1,19),(2942,86,141,3,19),(2943,87,141,3,19),(2944,88,141,1,19),(2945,89,141,3,19),(2946,90,141,3,19),(2947,91,141,3,19),(2948,92,141,3,19),(2949,93,141,1,20),(2950,94,141,3,20),(2951,95,141,1,20),(2952,96,141,2,20),(2953,97,141,3,20),(2954,98,141,1,21),(2955,99,141,1,21),(2956,100,141,1,21),(2957,1,142,1,64),(2958,2,142,1,64),(2959,3,142,1,64),(2960,4,142,1,64),(2961,5,142,1,64),(2962,6,142,1,64),(2963,7,142,1,64),(2964,8,142,1,64),(2965,9,142,1,64),(2966,10,142,1,64),(2967,11,142,1,64),(2968,12,142,1,64),(2969,13,142,1,64),(2970,14,142,1,64),(2971,15,142,2,64),(2972,16,142,1,65),(2973,17,142,1,65),(2974,18,142,3,65),(2975,19,142,1,65),(2976,20,142,2,65),(2977,21,142,2,65),(2978,22,142,1,65),(2979,23,142,1,65),(2980,24,142,2,65),(2981,25,142,2,65),(2982,26,142,2,65),(2983,27,142,1,65),(2984,28,142,1,65),(2985,29,142,2,65),(2986,30,142,2,65),(2987,31,142,2,66),(2988,32,142,3,66),(2989,33,142,2,67),(2990,34,142,3,67),(2991,35,142,2,68),(2992,36,142,3,69),(2993,37,142,2,70),(2994,38,142,2,70),(2995,39,142,3,70),(2996,40,142,3,70),(2997,41,142,2,70),(2998,42,142,2,70),(2999,43,142,1,70),(3000,44,142,3,71),(3001,45,142,3,71),(3002,46,142,3,71),(3003,47,142,3,71),(3004,48,142,2,71),(3005,49,142,2,71),(3006,50,142,2,71),(3007,51,142,2,72),(3008,52,142,2,72),(3009,53,142,1,72),(3010,54,142,3,72),(3011,55,142,1,72),(3012,56,142,3,72),(3013,57,142,2,72),(3014,58,142,3,73),(3015,59,142,1,73),(3016,60,142,1,73),(3017,61,142,2,73),(3018,62,142,2,74),(3019,63,142,3,74),(3020,64,142,3,74),(3021,65,142,3,74),(3022,66,142,3,75),(3023,67,142,3,75),(3024,68,142,1,75),(3025,69,142,1,75),(3026,70,142,2,76),(3027,71,142,2,76),(3028,72,142,3,76),(3029,73,142,2,76),(3030,74,142,3,77),(3031,75,142,3,77),(3032,76,142,3,77),(3033,77,142,2,77),(3034,78,142,2,77),(3035,79,142,2,78),(3036,80,142,2,78),(3037,81,142,2,78),(3038,82,142,2,78),(3039,83,142,2,78),(3040,84,142,3,79),(3041,85,142,3,79),(3042,86,142,2,79),(3043,87,142,2,79),(3044,88,142,2,80),(3045,89,142,2,80),(3046,90,142,2,80),(3047,91,142,3,80),(3048,92,142,3,81),(3049,93,142,3,81),(3050,94,142,3,82),(3051,95,142,3,82),(3052,96,142,1,83),(3053,97,142,2,83),(3054,98,142,3,84),(3055,99,142,3,84),(3056,100,142,2,84),(3057,1,143,1,1),(3058,2,143,2,1),(3059,3,143,3,1),(3060,4,143,1,1),(3061,5,143,1,1),(3062,6,143,3,1),(3063,7,143,2,1),(3064,8,143,1,1),(3065,9,143,3,1),(3066,10,143,2,1),(3067,11,143,1,1),(3068,12,143,1,1),(3069,13,143,1,1),(3070,14,143,3,1),(3071,15,143,1,1),(3072,16,143,1,2),(3073,17,143,1,2),(3074,18,143,1,2),(3075,19,143,1,2),(3076,20,143,1,2),(3077,21,143,1,2),(3078,22,143,1,2),(3079,23,143,2,2),(3080,24,143,2,2),(3081,25,143,1,2),(3082,26,143,2,2),(3083,27,143,1,2),(3084,28,143,1,2),(3085,29,143,2,2),(3086,30,143,2,2),(3087,31,143,1,3),(3088,32,143,3,3),(3089,33,143,3,3),(3090,34,143,1,3),(3091,35,143,3,3),(3092,36,143,2,3),(3093,37,143,1,4),(3094,38,143,1,4),(3095,39,143,2,4),(3096,40,143,3,4),(3097,41,143,1,4),(3098,42,143,2,4),(3099,43,143,3,5),(3100,44,143,1,5),(3101,45,143,1,5),(3102,46,143,1,5),(3103,47,143,3,5),(3104,48,143,3,5),(3105,49,143,2,6),(3106,50,143,3,6),(3107,51,143,1,6),(3108,52,143,1,6),(3109,53,143,3,6),(3110,54,143,2,7),(3111,55,143,2,7),(3112,56,143,3,7),(3113,57,143,1,8),(3114,58,143,2,8),(3115,59,143,3,8),(3116,60,143,1,9),(3117,61,143,3,9),(3118,62,143,1,10),(3119,63,143,1,10),(3120,64,143,1,11),(3121,65,143,1,11),(3122,66,143,2,12),(3123,67,143,3,13),(3124,68,143,3,13),(3125,69,143,1,14),(3126,70,143,2,14),(3127,71,143,2,15),(3128,72,143,3,15),(3129,73,143,1,16),(3130,74,143,2,16),(3131,75,143,2,17),(3132,76,143,1,17),(3133,77,143,1,18),(3134,78,143,3,18),(3135,79,143,3,18),(3136,80,143,3,18),(3137,81,143,3,18),(3138,82,143,3,18),(3139,83,143,3,18),(3140,84,143,3,18),(3141,85,143,1,19),(3142,86,143,3,19),(3143,87,143,3,19),(3144,88,143,3,19),(3145,89,143,3,19),(3146,90,143,3,19),(3147,91,143,3,19),(3148,92,143,3,19),(3149,93,143,2,20),(3150,94,143,3,20),(3151,95,143,2,20),(3152,96,143,2,20),(3153,97,143,2,20),(3154,98,143,3,21),(3155,99,143,2,21),(3156,100,143,1,21),(3157,1,144,1,1),(3158,2,144,2,1),(3159,3,144,3,1),(3160,4,144,1,1),(3161,5,144,3,1),(3162,6,144,2,1),(3163,7,144,3,1),(3164,8,144,2,1),(3165,9,144,3,1),(3166,10,144,2,1),(3167,11,144,1,1),(3168,12,144,1,1),(3169,13,144,2,1),(3170,14,144,1,1),(3171,15,144,3,1),(3172,16,144,1,2),(3173,17,144,1,2),(3174,18,144,1,2),(3175,19,144,1,2),(3176,20,144,1,2),(3177,21,144,2,2),(3178,22,144,2,2),(3179,23,144,1,2),(3180,24,144,1,2),(3181,25,144,1,2),(3182,26,144,1,2),(3183,27,144,1,2),(3184,28,144,1,2),(3185,29,144,2,2),(3186,30,144,2,2),(3187,31,144,1,3),(3188,32,144,3,3),(3189,33,144,3,3),(3190,34,144,3,3),(3191,35,144,3,3),(3192,36,144,3,3),(3193,37,144,3,4),(3194,38,144,2,4),(3195,39,144,3,4),(3196,40,144,3,4),(3197,41,144,1,4),(3198,42,144,2,4),(3199,43,144,3,5),(3200,44,144,1,5),(3201,45,144,3,5),(3202,46,144,3,5),(3203,47,144,3,5),(3204,48,144,3,5),(3205,49,144,3,6),(3206,50,144,3,6),(3207,51,144,3,6),(3208,52,144,3,6),(3209,53,144,3,6),(3210,54,144,1,7),(3211,55,144,2,7),(3212,56,144,3,7),(3213,57,144,1,8),(3214,58,144,2,8),(3215,59,144,1,8),(3216,60,144,1,9),(3217,61,144,3,9),(3218,62,144,2,10),(3219,63,144,1,10),(3220,64,144,1,11),(3221,65,144,3,11),(3222,66,144,1,12),(3223,67,144,3,13),(3224,68,144,3,13),(3225,69,144,1,14),(3226,70,144,2,14),(3227,71,144,1,15),(3228,72,144,3,15),(3229,73,144,2,16),(3230,74,144,2,16),(3231,75,144,3,17),(3232,76,144,2,17),(3233,77,144,3,18),(3234,78,144,3,18),(3235,79,144,3,18),(3236,80,144,3,18),(3237,81,144,3,18),(3238,82,144,3,18),(3239,83,144,3,18),(3240,84,144,1,18),(3241,85,144,3,19),(3242,86,144,3,19),(3243,87,144,3,19),(3244,88,144,3,19),(3245,89,144,3,19),(3246,90,144,3,19),(3247,91,144,3,19),(3248,92,144,3,19),(3249,93,144,1,20),(3250,94,144,2,20),(3251,95,144,1,20),(3252,96,144,3,20),(3253,97,144,3,20),(3254,98,144,3,21),(3255,99,144,2,21),(3256,100,144,2,21),(3257,1,145,1,43),(3258,2,145,1,43),(3259,3,145,2,43),(3260,4,145,3,43),(3261,5,145,3,43),(3262,6,145,3,43),(3263,7,145,3,43),(3264,8,145,3,43),(3265,9,145,3,43),(3266,10,145,3,43),(3267,11,145,3,43),(3268,12,145,3,43),(3269,13,145,1,43),(3270,14,145,1,43),(3271,15,145,3,43),(3272,16,145,2,44),(3273,17,145,1,44),(3274,18,145,1,44),(3275,19,145,2,44),(3276,20,145,1,44),(3277,21,145,1,44),(3278,22,145,1,44),(3279,23,145,2,44),(3280,24,145,1,44),(3281,25,145,1,44),(3282,26,145,1,44),(3283,27,145,1,44),(3284,28,145,1,44),(3285,29,145,1,44),(3286,30,145,2,44),(3287,31,145,3,45),(3288,32,145,2,45),(3289,33,145,3,45),(3290,34,145,1,45),(3291,35,145,3,45),(3292,36,145,3,45),(3293,37,145,3,46),(3294,38,145,2,46),(3295,39,145,2,46),(3296,40,145,2,46),(3297,41,145,2,46),(3298,42,145,2,46),(3299,43,145,3,47),(3300,44,145,2,47),(3301,45,145,2,47),(3302,46,145,2,47),(3303,47,145,2,48),(3304,48,145,3,48),(3305,49,145,3,49),(3306,50,145,2,49),(3307,51,145,2,49),(3308,52,145,2,50),(3309,53,145,2,50),(3310,54,145,2,50),(3311,55,145,2,51),(3312,56,145,3,51),(3313,57,145,1,52),(3314,58,145,2,52),(3315,59,145,3,53),(3316,60,145,3,53),(3317,61,145,2,53),(3318,62,145,2,54),(3319,63,145,2,54),(3320,64,145,2,54),(3321,65,145,1,55),(3322,66,145,2,55),(3323,67,145,2,55),(3324,68,145,2,56),(3325,69,145,2,56),(3326,70,145,2,56),(3327,71,145,2,56),(3328,72,145,2,56),(3329,73,145,2,57),(3330,74,145,2,57),(3331,75,145,2,57),(3332,76,145,3,57),(3333,77,145,1,57),(3334,78,145,3,58),(3335,79,145,2,58),(3336,80,145,2,58),(3337,81,145,2,58),(3338,82,145,2,58),(3339,83,145,1,59),(3340,84,145,2,59),(3341,85,145,2,59),(3342,86,145,2,59),(3343,87,145,2,59),(3344,88,145,2,59),(3345,89,145,2,59),(3346,90,145,2,59),(3347,91,145,3,59),(3348,92,145,3,60),(3349,93,145,3,60),(3350,94,145,3,61),(3351,95,145,3,61),(3352,96,145,3,62),(3353,97,145,2,62),(3354,98,145,2,63),(3355,99,145,2,63),(3356,100,145,2,63),(3357,1,146,1,1),(3358,2,146,1,1),(3359,3,146,1,1),(3360,4,146,1,1),(3361,5,146,1,1),(3362,6,146,1,1),(3363,7,146,3,1),(3364,8,146,2,1),(3365,9,146,3,1),(3366,10,146,1,1),(3367,11,146,3,1),(3368,12,146,2,1),(3369,13,146,2,1),(3370,14,146,2,1),(3371,15,146,2,1),(3372,16,146,1,2),(3373,17,146,1,2),(3374,18,146,1,2),(3375,19,146,1,2),(3376,20,146,2,2),(3377,21,146,2,2),(3378,22,146,2,2),(3379,23,146,1,2),(3380,24,146,1,2),(3381,25,146,2,2),(3382,26,146,2,2),(3383,27,146,1,2),(3384,28,146,1,2),(3385,29,146,2,2),(3386,30,146,1,2),(3387,31,146,3,3),(3388,32,146,3,3),(3389,33,146,3,3),(3390,34,146,1,3),(3391,35,146,3,3),(3392,36,146,2,3),(3393,37,146,3,4),(3394,38,146,1,4),(3395,39,146,3,4),(3396,40,146,3,4),(3397,41,146,2,4),(3398,42,146,1,4),(3399,43,146,3,5),(3400,44,146,3,5),(3401,45,146,1,5),(3402,46,146,1,5),(3403,47,146,3,5),(3404,48,146,3,5),(3405,49,146,2,6),(3406,50,146,3,6),(3407,51,146,3,6),(3408,52,146,3,6),(3409,53,146,3,6),(3410,54,146,1,7),(3411,55,146,2,7),(3412,56,146,2,7),(3413,57,146,1,8),(3414,58,146,1,8),(3415,59,146,2,8),(3416,60,146,1,9),(3417,61,146,3,9),(3418,62,146,2,10),(3419,63,146,2,10),(3420,64,146,2,11),(3421,65,146,1,11),(3422,66,146,1,12),(3423,67,146,1,13),(3424,68,146,2,13),(3425,69,146,1,14),(3426,70,146,2,14),(3427,71,146,2,15),(3428,72,146,3,15),(3429,73,146,3,16),(3430,74,146,1,16),(3431,75,146,1,17),(3432,76,146,2,17),(3433,77,146,1,18),(3434,78,146,3,18),(3435,79,146,2,18),(3436,80,146,3,18),(3437,81,146,3,18),(3438,82,146,3,18),(3439,83,146,3,18),(3440,84,146,3,18),(3441,85,146,3,19),(3442,86,146,3,19),(3443,87,146,3,19),(3444,88,146,3,19),(3445,89,146,3,19),(3446,90,146,3,19),(3447,91,146,3,19),(3448,92,146,3,19),(3449,93,146,2,20),(3450,94,146,2,20),(3451,95,146,2,20),(3452,96,146,2,20),(3453,97,146,2,20),(3454,98,146,3,21),(3455,99,146,2,21),(3456,100,146,2,21),(3457,1,147,1,1),(3458,2,147,2,1),(3459,3,147,1,1),(3460,4,147,1,1),(3461,5,147,1,1),(3462,6,147,3,1),(3463,7,147,3,1),(3464,8,147,3,1),(3465,9,147,3,1),(3466,10,147,3,1),(3467,11,147,3,1),(3468,12,147,1,1),(3469,13,147,1,1),(3470,14,147,3,1),(3471,15,147,3,1),(3472,16,147,1,2),(3473,17,147,1,2),(3474,18,147,1,2),(3475,19,147,3,2),(3476,20,147,1,2),(3477,21,147,1,2),(3478,22,147,1,2),(3479,23,147,2,2),(3480,24,147,3,2),(3481,25,147,1,2),(3482,26,147,3,2),(3483,27,147,2,2),(3484,28,147,1,2),(3485,29,147,3,2),(3486,30,147,3,2),(3487,31,147,1,3),(3488,32,147,1,3),(3489,33,147,3,3),(3490,34,147,3,3),(3491,35,147,3,3),(3492,36,147,3,3),(3493,37,147,3,4),(3494,38,147,3,4),(3495,39,147,3,4),(3496,40,147,3,4),(3497,41,147,2,4),(3498,42,147,1,4),(3499,43,147,3,5),(3500,44,147,2,5),(3501,45,147,3,5),(3502,46,147,1,5),(3503,47,147,3,5),(3504,48,147,3,5),(3505,49,147,3,6),(3506,50,147,3,6),(3507,51,147,3,6),(3508,52,147,3,6),(3509,53,147,3,6),(3510,54,147,3,7),(3511,55,147,3,7),(3512,56,147,1,7),(3513,57,147,1,8),(3514,58,147,1,8),(3515,59,147,3,8),(3516,60,147,3,9),(3517,61,147,3,9),(3518,62,147,3,10),(3519,63,147,1,10),(3520,64,147,2,11),(3521,65,147,1,11),(3522,66,147,3,12),(3523,67,147,3,13),(3524,68,147,3,13),(3525,69,147,3,14),(3526,70,147,3,14),(3527,71,147,3,15),(3528,72,147,3,15),(3529,73,147,3,16),(3530,74,147,1,16),(3531,75,147,2,17),(3532,76,147,3,17),(3533,77,147,3,18),(3534,78,147,3,18),(3535,79,147,3,18),(3536,80,147,3,18),(3537,81,147,3,18),(3538,82,147,3,18),(3539,83,147,3,18),(3540,84,147,3,18),(3541,85,147,3,19),(3542,86,147,3,19),(3543,87,147,3,19),(3544,88,147,3,19),(3545,89,147,3,19),(3546,90,147,3,19),(3547,91,147,3,19),(3548,92,147,3,19),(3549,93,147,1,20),(3550,94,147,3,20),(3551,95,147,3,20),(3552,96,147,3,20),(3553,97,147,3,20),(3554,98,147,3,21),(3555,99,147,2,21),(3556,100,147,1,21),(3557,1,148,1,1),(3558,2,148,2,1),(3559,3,148,3,1),(3560,4,148,2,1),(3561,5,148,1,1),(3562,6,148,1,1),(3563,7,148,1,1),(3564,8,148,1,1),(3565,9,148,3,1),(3566,10,148,3,1),(3567,11,148,3,1),(3568,12,148,1,1),(3569,13,148,1,1),(3570,14,148,1,1),(3571,15,148,3,1),(3572,16,148,1,2),(3573,17,148,2,2),(3574,18,148,2,2),(3575,19,148,3,2),(3576,20,148,1,2),(3577,21,148,2,2),(3578,22,148,3,2),(3579,23,148,2,2),(3580,24,148,2,2),(3581,25,148,3,2),(3582,26,148,2,2),(3583,27,148,2,2),(3584,28,148,1,2),(3585,29,148,3,2),(3586,30,148,2,2),(3587,31,148,2,3),(3588,32,148,3,3),(3589,33,148,3,3),(3590,34,148,2,3),(3591,35,148,3,3),(3592,36,148,2,3),(3593,37,148,3,4),(3594,38,148,1,4),(3595,39,148,1,4),(3596,40,148,3,4),(3597,41,148,2,4),(3598,42,148,2,4),(3599,43,148,3,5),(3600,44,148,1,5),(3601,45,148,1,5),(3602,46,148,1,5),(3603,47,148,3,5),(3604,48,148,1,5),(3605,49,148,1,6),(3606,50,148,2,6),(3607,51,148,1,6),(3608,52,148,1,6),(3609,53,148,1,6),(3610,54,148,3,7),(3611,55,148,3,7),(3612,56,148,1,7),(3613,57,148,2,8),(3614,58,148,2,8),(3615,59,148,1,8),(3616,60,148,2,9),(3617,61,148,3,9),(3618,62,148,2,10),(3619,63,148,2,10),(3620,64,148,1,11),(3621,65,148,2,11),(3622,66,148,3,12),(3623,67,148,2,13),(3624,68,148,2,13),(3625,69,148,2,14),(3626,70,148,2,14),(3627,71,148,3,15),(3628,72,148,2,15),(3629,73,148,2,16),(3630,74,148,2,16),(3631,75,148,3,17),(3632,76,148,3,17),(3633,77,148,1,18),(3634,78,148,2,18),(3635,79,148,3,18),(3636,80,148,3,18),(3637,81,148,3,18),(3638,82,148,3,18),(3639,83,148,3,18),(3640,84,148,1,18),(3641,85,148,2,19),(3642,86,148,3,19),(3643,87,148,3,19),(3644,88,148,1,19),(3645,89,148,3,19),(3646,90,148,1,19),(3647,91,148,3,19),(3648,92,148,3,19),(3649,93,148,1,20),(3650,94,148,2,20),(3651,95,148,1,20),(3652,96,148,3,20),(3653,97,148,3,20),(3654,98,148,1,21),(3655,99,148,3,21),(3656,100,148,1,21),(3657,1,149,1,64),(3658,2,149,1,64),(3659,3,149,2,64),(3660,4,149,1,64),(3661,5,149,1,64),(3662,6,149,3,64),(3663,7,149,1,64),(3664,8,149,2,64),(3665,9,149,2,64),(3666,10,149,2,64),(3667,11,149,1,64),(3668,12,149,1,64),(3669,13,149,3,64),(3670,14,149,3,64),(3671,15,149,3,64),(3672,16,149,1,65),(3673,17,149,1,65),(3674,18,149,2,65),(3675,19,149,3,65),(3676,20,149,1,65),(3677,21,149,2,65),(3678,22,149,3,65),(3679,23,149,3,65),(3680,24,149,3,65),(3681,25,149,3,65),(3682,26,149,3,65),(3683,27,149,3,65),(3684,28,149,3,65),(3685,29,149,3,65),(3686,30,149,3,65),(3687,31,149,3,66),(3688,32,149,3,66),(3689,33,149,3,67),(3690,34,149,3,67),(3691,35,149,3,68),(3692,36,149,3,69),(3693,37,149,3,70),(3694,38,149,3,70),(3695,39,149,3,70),(3696,40,149,3,70),(3697,41,149,3,70),(3698,42,149,3,70),(3699,43,149,3,70),(3700,44,149,3,71),(3701,45,149,3,71),(3702,46,149,3,71),(3703,47,149,3,71),(3704,48,149,3,71),(3705,49,149,2,71),(3706,50,149,2,71),(3707,51,149,1,72),(3708,52,149,2,72),(3709,53,149,1,72),(3710,54,149,2,72),(3711,55,149,1,72),(3712,56,149,2,72),(3713,57,149,2,72),(3714,58,149,2,73),(3715,59,149,2,73),(3716,60,149,2,73),(3717,61,149,2,73),(3718,62,149,2,74),(3719,63,149,2,74),(3720,64,149,2,74),(3721,65,149,2,74),(3722,66,149,2,75),(3723,67,149,1,75),(3724,68,149,2,75),(3725,69,149,2,75),(3726,70,149,1,76),(3727,71,149,3,76),(3728,72,149,3,76),(3729,73,149,2,76),(3730,74,149,2,77),(3731,75,149,3,77),(3732,76,149,1,77),(3733,77,149,2,77),(3734,78,149,2,77),(3735,79,149,2,78),(3736,80,149,1,78),(3737,81,149,2,78),(3738,82,149,2,78),(3739,83,149,2,78),(3740,84,149,2,79),(3741,85,149,2,79),(3742,86,149,1,79),(3743,87,149,2,79),(3744,88,149,2,80),(3745,89,149,2,80),(3746,90,149,3,80),(3747,91,149,2,80),(3748,92,149,2,81),(3749,93,149,3,81),(3750,94,149,3,82),(3751,95,149,3,82),(3752,96,149,2,83),(3753,97,149,3,83),(3754,98,149,2,84),(3755,99,149,1,84),(3756,100,149,2,84),(3757,1,150,1,43),(3758,2,150,2,43),(3759,3,150,3,43),(3760,4,150,1,43),(3761,5,150,3,43),(3762,6,150,2,43),(3763,7,150,3,43),(3764,8,150,3,43),(3765,9,150,3,43),(3766,10,150,2,43),(3767,11,150,1,43),(3768,12,150,1,43),(3769,13,150,2,43),(3770,14,150,3,43),(3771,15,150,3,43),(3772,16,150,3,44),(3773,17,150,1,44),(3774,18,150,1,44),(3775,19,150,2,44),(3776,20,150,1,44),(3777,21,150,2,44),(3778,22,150,1,44),(3779,23,150,1,44),(3780,24,150,2,44),(3781,25,150,2,44),(3782,26,150,2,44),(3783,27,150,1,44),(3784,28,150,1,44),(3785,29,150,2,44),(3786,30,150,2,44),(3787,31,150,2,45),(3788,32,150,2,45),(3789,33,150,3,45),(3790,34,150,1,45),(3791,35,150,2,45),(3792,36,150,3,45),(3793,37,150,2,46),(3794,38,150,2,46),(3795,39,150,2,46),(3796,40,150,2,46),(3797,41,150,2,46),(3798,42,150,3,46),(3799,43,150,3,47),(3800,44,150,2,47),(3801,45,150,2,47),(3802,46,150,2,47),(3803,47,150,2,48),(3804,48,150,2,48),(3805,49,150,2,49),(3806,50,150,1,49),(3807,51,150,2,49),(3808,52,150,2,50),(3809,53,150,3,50),(3810,54,150,3,50),(3811,55,150,2,51),(3812,56,150,3,51),(3813,57,150,1,52),(3814,58,150,1,52),(3815,59,150,3,53),(3816,60,150,2,53),(3817,61,150,1,53),(3818,62,150,2,54),(3819,63,150,2,54),(3820,64,150,2,54),(3821,65,150,3,55),(3822,66,150,2,55),(3823,67,150,2,55),(3824,68,150,2,56),(3825,69,150,2,56),(3826,70,150,2,56),(3827,71,150,2,56),(3828,72,150,2,56),(3829,73,150,2,57),(3830,74,150,2,57),(3831,75,150,2,57),(3832,76,150,1,57),(3833,77,150,3,57),(3834,78,150,3,58),(3835,79,150,2,58),(3836,80,150,2,58),(3837,81,150,2,58),(3838,82,150,3,58),(3839,83,150,1,59),(3840,84,150,2,59),(3841,85,150,2,59),(3842,86,150,2,59),(3843,87,150,2,59),(3844,88,150,2,59),(3845,89,150,1,59),(3846,90,150,2,59),(3847,91,150,2,59),(3848,92,150,3,60),(3849,93,150,2,60),(3850,94,150,3,61),(3851,95,150,3,61),(3852,96,150,2,62),(3853,97,150,2,62),(3854,98,150,2,63),(3855,99,150,2,63),(3856,100,150,2,63),(3857,1,151,1,1),(3858,2,151,1,1),(3859,3,151,3,1),(3860,4,151,1,1),(3861,5,151,1,1),(3862,6,151,3,1),(3863,7,151,3,1),(3864,8,151,2,1),(3865,9,151,3,1),(3866,10,151,2,1),(3867,11,151,1,1),(3868,12,151,2,1),(3869,13,151,1,1),(3870,14,151,3,1),(3871,15,151,3,1),(3872,16,151,1,2),(3873,17,151,1,2),(3874,18,151,1,2),(3875,19,151,1,2),(3876,20,151,1,2),(3877,21,151,2,2),(3878,22,151,1,2),(3879,23,151,1,2),(3880,24,151,3,2),(3881,25,151,2,2),(3882,26,151,1,2),(3883,27,151,1,2),(3884,28,151,1,2),(3885,29,151,1,2),(3886,30,151,1,2),(3887,31,151,3,3),(3888,32,151,3,3),(3889,33,151,3,3),(3890,34,151,3,3),(3891,35,151,2,3),(3892,36,151,2,3),(3893,37,151,3,4),(3894,38,151,1,4),(3895,39,151,3,4),(3896,40,151,3,4),(3897,41,151,2,4),(3898,42,151,2,4),(3899,43,151,1,5),(3900,44,151,1,5),(3901,45,151,1,5),(3902,46,151,1,5),(3903,47,151,3,5),(3904,48,151,1,5),(3905,49,151,3,6),(3906,50,151,3,6),(3907,51,151,3,6),(3908,52,151,3,6),(3909,53,151,1,6),(3910,54,151,1,7),(3911,55,151,3,7),(3912,56,151,2,7),(3913,57,151,2,8),(3914,58,151,2,8),(3915,59,151,2,8),(3916,60,151,3,9),(3917,61,151,3,9),(3918,62,151,2,10),(3919,63,151,1,10),(3920,64,151,1,11),(3921,65,151,1,11),(3922,66,151,2,12),(3923,67,151,3,13),(3924,68,151,3,13),(3925,69,151,1,14),(3926,70,151,2,14),(3927,71,151,2,15),(3928,72,151,3,15),(3929,73,151,2,16),(3930,74,151,2,16),(3931,75,151,1,17),(3932,76,151,1,17),(3933,77,151,3,18),(3934,78,151,3,18),(3935,79,151,3,18),(3936,80,151,2,18),(3937,81,151,3,18),(3938,82,151,3,18),(3939,83,151,3,18),(3940,84,151,1,18),(3941,85,151,3,19),(3942,86,151,3,19),(3943,87,151,3,19),(3944,88,151,3,19),(3945,89,151,3,19),(3946,90,151,1,19),(3947,91,151,3,19),(3948,92,151,3,19),(3949,93,151,1,20),(3950,94,151,3,20),(3951,95,151,2,20),(3952,96,151,3,20),(3953,97,151,3,20),(3954,98,151,3,21),(3955,99,151,2,21),(3956,100,151,2,21),(3957,1,153,1,1),(3958,2,153,2,1),(3959,3,153,1,1),(3960,4,153,1,1),(3961,5,153,1,1),(3962,6,153,1,1),(3963,7,153,1,1),(3964,8,153,2,1),(3965,9,153,3,1),(3966,10,153,1,1),(3967,11,153,1,1),(3968,12,153,1,1),(3969,13,153,1,1),(3970,14,153,1,1),(3971,15,153,2,1),(3972,16,153,1,2),(3973,17,153,1,2),(3974,18,153,1,2),(3975,19,153,2,2),(3976,20,153,1,2),(3977,21,153,1,2),(3978,22,153,2,2),(3979,23,153,1,2),(3980,24,153,1,2),(3981,25,153,2,2),(3982,26,153,1,2),(3983,27,153,1,2),(3984,28,153,1,2),(3985,29,153,1,2),(3986,30,153,2,2),(3987,31,153,1,3),(3988,32,153,1,3),(3989,33,153,1,3),(3990,34,153,2,3),(3991,35,153,1,3),(3992,36,153,1,3),(3993,37,153,1,4),(3994,38,153,1,4),(3995,39,153,1,4),(3996,40,153,1,4),(3997,41,153,2,4),(3998,42,153,2,4),(3999,43,153,1,5),(4000,44,153,1,5),(4001,45,153,1,5),(4002,46,153,1,5),(4003,47,153,1,5),(4004,48,153,1,5),(4005,49,153,1,6),(4006,50,153,2,6),(4007,51,153,1,6),(4008,52,153,1,6),(4009,53,153,1,6),(4010,54,153,1,7),(4011,55,153,3,7),(4012,56,153,1,7),(4013,57,153,1,8),(4014,58,153,1,8),(4015,59,153,2,8),(4016,60,153,3,9),(4017,61,153,3,9),(4018,62,153,1,10),(4019,63,153,1,10),(4020,64,153,1,11),(4021,65,153,3,11),(4022,66,153,2,12),(4023,67,153,3,13),(4024,68,153,3,13),(4025,69,153,1,14),(4026,70,153,2,14),(4027,71,153,1,15),(4028,72,153,3,15),(4029,73,153,1,16),(4030,74,153,2,16),(4031,75,153,1,17),(4032,76,153,2,17),(4033,77,153,1,18),(4034,78,153,1,18),(4035,79,153,3,18),(4036,80,153,1,18),(4037,81,153,1,18),(4038,82,153,1,18),(4039,83,153,3,18),(4040,84,153,1,18),(4041,85,153,1,19),(4042,86,153,3,19),(4043,87,153,3,19),(4044,88,153,2,19),(4045,89,153,1,19),(4046,90,153,1,19),(4047,91,153,3,19),(4048,92,153,3,19),(4049,93,153,1,20),(4050,94,153,3,20),(4051,95,153,2,20),(4052,96,153,3,20),(4053,97,153,1,20),(4054,98,153,3,21),(4055,99,153,1,21),(4056,100,153,1,21),(4057,1,117,1,43),(4058,2,117,1,43),(4059,3,117,3,43),(4060,4,117,3,43),(4061,5,117,1,43),(4062,6,117,3,43),(4063,7,117,3,43),(4064,8,117,2,43),(4065,9,117,3,43),(4066,10,117,3,43),(4067,11,117,3,43),(4068,12,117,3,43),(4069,13,117,3,43),(4070,14,117,3,43),(4071,15,117,3,43),(4072,16,117,1,44),(4073,17,117,3,44),(4074,18,117,2,44),(4075,19,117,1,44),(4076,20,117,2,44),(4077,21,117,2,44),(4078,22,117,1,44),(4079,23,117,2,44),(4080,24,117,3,44),(4081,25,117,2,44),(4082,26,117,3,44),(4083,27,117,3,44),(4084,28,117,3,44),(4085,29,117,3,44),(4086,30,117,3,44),(4087,31,117,2,45),(4088,32,117,2,45),(4089,33,117,3,45),(4090,34,117,1,45),(4091,35,117,3,45),(4092,36,117,3,45),(4093,37,117,2,46),(4094,38,117,2,46),(4095,39,117,2,46),(4096,40,117,3,46),(4097,41,117,2,46),(4098,42,117,3,46),(4099,43,117,2,47),(4100,44,117,2,47),(4101,45,117,2,47),(4102,46,117,3,47),(4103,47,117,2,48),(4104,48,117,1,48),(4105,49,117,1,49),(4106,50,117,3,49),(4107,51,117,2,49),(4108,52,117,2,50),(4109,53,117,2,50),(4110,54,117,3,50),(4111,55,117,2,51),(4112,56,117,3,51),(4113,57,117,2,52),(4114,58,117,2,52),(4115,59,117,3,53),(4116,60,117,3,53),(4117,61,117,3,53),(4118,62,117,2,54),(4119,63,117,2,54),(4120,64,117,3,54),(4121,65,117,3,55),(4122,66,117,2,55),(4123,67,117,2,55),(4124,68,117,2,56),(4125,69,117,2,56),(4126,70,117,2,56),(4127,71,117,2,56),(4128,72,117,2,56),(4129,73,117,2,57),(4130,74,117,2,57),(4131,75,117,2,57),(4132,76,117,2,57),(4133,77,117,1,57),(4134,78,117,3,58),(4135,79,117,2,58),(4136,80,117,3,58),(4137,81,117,2,58),(4138,82,117,3,58),(4139,83,117,1,59),(4140,84,117,2,59),(4141,85,117,2,59),(4142,86,117,2,59),(4143,87,117,2,59),(4144,88,117,3,59),(4145,89,117,2,59),(4146,90,117,3,59),(4147,91,117,3,59),(4148,92,117,2,60),(4149,93,117,3,60),(4150,94,117,3,61),(4151,95,117,3,61),(4152,96,117,3,62),(4153,97,117,3,62),(4154,98,117,2,63),(4155,99,117,2,63),(4156,100,117,2,63),(4157,1,118,2,1),(4158,2,118,2,1),(4159,3,118,3,1),(4160,4,118,1,1),(4161,5,118,1,1),(4162,6,118,3,1),(4163,7,118,2,1),(4164,8,118,3,1),(4165,9,118,3,1),(4166,10,118,1,1),(4167,11,118,1,1),(4168,12,118,2,1),(4169,13,118,1,1),(4170,14,118,3,1),(4171,15,118,3,1),(4172,16,118,1,2),(4173,17,118,1,2),(4174,18,118,2,2),(4175,19,118,3,2),(4176,20,118,2,2),(4177,21,118,3,2),(4178,22,118,1,2),(4179,23,118,2,2),(4180,24,118,3,2),(4181,25,118,1,2),(4182,26,118,3,2),(4183,27,118,3,2),(4184,28,118,3,2),(4185,29,118,1,2),(4186,30,118,2,2),(4187,31,118,3,3),(4188,32,118,3,3),(4189,33,118,3,3),(4190,34,118,2,3),(4191,35,118,1,3),(4192,36,118,1,3),(4193,37,118,3,4),(4194,38,118,1,4),(4195,39,118,3,4),(4196,40,118,3,4),(4197,41,118,3,4),(4198,42,118,2,4),(4199,43,118,2,5),(4200,44,118,2,5),(4201,45,118,3,5),(4202,46,118,1,5),(4203,47,118,3,5),(4204,48,118,1,5),(4205,49,118,2,6),(4206,50,118,3,6),(4207,51,118,3,6),(4208,52,118,3,6),(4209,53,118,1,6),(4210,54,118,3,7),(4211,55,118,2,7),(4212,56,118,2,7),(4213,57,118,1,8),(4214,58,118,2,8),(4215,59,118,1,8),(4216,60,118,1,9),(4217,61,118,3,9),(4218,62,118,2,10),(4219,63,118,1,10),(4220,64,118,2,11),(4221,65,118,1,11),(4222,66,118,1,12),(4223,67,118,3,13),(4224,68,118,2,13),(4225,69,118,3,14),(4226,70,118,2,14),(4227,71,118,2,15),(4228,72,118,3,15),(4229,73,118,1,16),(4230,74,118,2,16),(4231,75,118,3,17),(4232,76,118,3,17),(4233,77,118,2,18),(4234,78,118,1,18),(4235,79,118,3,18),(4236,80,118,1,18),(4237,81,118,3,18),(4238,82,118,3,18),(4239,83,118,3,18),(4240,84,118,1,18),(4241,85,118,2,19),(4242,86,118,3,19),(4243,87,118,3,19),(4244,88,118,3,19),(4245,89,118,3,19),(4246,90,118,3,19),(4247,91,118,3,19),(4248,92,118,3,19),(4249,93,118,1,20),(4250,94,118,3,20),(4251,95,118,1,20),(4252,96,118,2,20),(4253,97,118,2,20),(4254,98,118,1,21),(4255,99,118,1,21),(4256,100,118,2,21),(4257,1,119,1,1),(4258,2,119,2,1),(4259,3,119,1,1),(4260,4,119,1,1),(4261,5,119,1,1),(4262,6,119,1,1),(4263,7,119,1,1),(4264,8,119,1,1),(4265,9,119,3,1),(4266,10,119,2,1),(4267,11,119,1,1),(4268,12,119,1,1),(4269,13,119,1,1),(4270,14,119,1,1),(4271,15,119,1,1),(4272,16,119,3,2),(4273,17,119,1,2),(4274,18,119,1,2),(4275,19,119,1,2),(4276,20,119,1,2),(4277,21,119,2,2),(4278,22,119,1,2),(4279,23,119,1,2),(4280,24,119,1,2),(4281,25,119,1,2),(4282,26,119,2,2),(4283,27,119,1,2),(4284,28,119,1,2),(4285,29,119,1,2),(4286,30,119,2,2),(4287,31,119,1,3),(4288,32,119,1,3),(4289,33,119,1,3),(4290,34,119,1,3),(4291,35,119,1,3),(4292,36,119,1,3),(4293,37,119,1,4),(4294,38,119,1,4),(4295,39,119,1,4),(4296,40,119,1,4),(4297,41,119,2,4),(4298,42,119,1,4),(4299,43,119,1,5),(4300,44,119,1,5),(4301,45,119,1,5),(4302,46,119,1,5),(4303,47,119,2,5),(4304,48,119,1,5),(4305,49,119,1,6),(4306,50,119,2,6),(4307,51,119,1,6),(4308,52,119,1,6),(4309,53,119,1,6),(4310,54,119,1,7),(4311,55,119,1,7),(4312,56,119,1,7),(4313,57,119,1,8),(4314,58,119,1,8),(4315,59,119,1,8),(4316,60,119,1,9),(4317,61,119,3,9),(4318,62,119,1,10),(4319,63,119,1,10),(4320,64,119,1,11),(4321,65,119,3,11),(4322,66,119,1,12),(4323,67,119,3,13),(4324,68,119,1,13),(4325,69,119,3,14),(4326,70,119,2,14),(4327,71,119,2,15),(4328,72,119,2,15),(4329,73,119,1,16),(4330,74,119,2,16),(4331,75,119,2,17),(4332,76,119,2,17),(4333,77,119,1,18),(4334,78,119,1,18),(4335,79,119,3,18),(4336,80,119,1,18),(4337,81,119,2,18),(4338,82,119,2,18),(4339,83,119,2,18),(4340,84,119,1,18),(4341,85,119,1,19),(4342,86,119,2,19),(4343,87,119,1,19),(4344,88,119,1,19),(4345,89,119,3,19),(4346,90,119,3,19),(4347,91,119,3,19),(4348,92,119,3,19),(4349,93,119,1,20),(4350,94,119,3,20),(4351,95,119,2,20),(4352,96,119,2,20),(4353,97,119,2,20),(4354,98,119,1,21),(4355,99,119,1,21),(4356,100,119,2,21),(4357,1,120,1,43),(4358,2,120,2,43),(4359,3,120,3,43),(4360,4,120,3,43),(4361,5,120,3,43),(4362,6,120,3,43),(4363,7,120,3,43),(4364,8,120,3,43),(4365,9,120,3,43),(4366,10,120,3,43),(4367,11,120,3,43),(4368,12,120,3,43),(4369,13,120,3,43),(4370,14,120,3,43),(4371,15,120,3,43),(4372,16,120,3,44),(4373,17,120,3,44),(4374,18,120,2,44),(4375,19,120,3,44),(4376,20,120,1,44),(4377,21,120,2,44),(4378,22,120,1,44),(4379,23,120,1,44),(4380,24,120,1,44),(4381,25,120,1,44),(4382,26,120,2,44),(4383,27,120,1,44),(4384,28,120,1,44),(4385,29,120,1,44),(4386,30,120,2,44),(4387,31,120,2,45),(4388,32,120,3,45),(4389,33,120,3,45),(4390,34,120,3,45),(4391,35,120,3,45),(4392,36,120,3,45),(4393,37,120,2,46),(4394,38,120,3,46),(4395,39,120,2,46),(4396,40,120,3,46),(4397,41,120,3,46),(4398,42,120,3,46),(4399,43,120,2,47),(4400,44,120,2,47),(4401,45,120,3,47),(4402,46,120,2,47),(4403,47,120,2,48),(4404,48,120,1,48),(4405,49,120,2,49),(4406,50,120,3,49),(4407,51,120,2,49),(4408,52,120,3,50),(4409,53,120,2,50),(4410,54,120,3,50),(4411,55,120,3,51),(4412,56,120,3,51),(4413,57,120,3,52),(4414,58,120,2,52),(4415,59,120,3,53),(4416,60,120,3,53),(4417,61,120,2,53),(4418,62,120,3,54),(4419,63,120,3,54),(4420,64,120,3,54),(4421,65,120,3,55),(4422,66,120,3,55),(4423,67,120,3,55),(4424,68,120,2,56),(4425,69,120,2,56),(4426,70,120,3,56),(4427,71,120,2,56),(4428,72,120,3,56),(4429,73,120,3,57),(4430,74,120,2,57),(4431,75,120,2,57),(4432,76,120,3,57),(4433,77,120,3,57),(4434,78,120,3,58),(4435,79,120,2,58),(4436,80,120,3,58),(4437,81,120,3,58),(4438,82,120,3,58),(4439,83,120,1,59),(4440,84,120,2,59),(4441,85,120,2,59),(4442,86,120,2,59),(4443,87,120,3,59),(4444,88,120,3,59),(4445,89,120,1,59),(4446,90,120,2,59),(4447,91,120,2,59),(4448,92,120,2,60),(4449,93,120,2,60),(4450,94,120,2,61),(4451,95,120,2,61),(4452,96,120,2,62),(4453,97,120,2,62),(4454,98,120,2,63),(4455,99,120,2,63),(4456,100,120,2,63),(4457,1,121,1,64),(4458,2,121,1,64),(4459,3,121,1,64),(4460,4,121,1,64),(4461,5,121,1,64),(4462,6,121,3,64),(4463,7,121,3,64),(4464,8,121,1,64),(4465,9,121,3,64),(4466,10,121,2,64),(4467,11,121,1,64),(4468,12,121,1,64),(4469,13,121,1,64),(4470,14,121,1,64),(4471,15,121,3,64),(4472,16,121,2,65),(4473,17,121,1,65),(4474,18,121,1,65),(4475,19,121,1,65),(4476,20,121,1,65),(4477,21,121,1,65),(4478,22,121,2,65),(4479,23,121,2,65),(4480,24,121,1,65),(4481,25,121,2,65),(4482,26,121,2,65),(4483,27,121,1,65),(4484,28,121,1,65),(4485,29,121,2,65),(4486,30,121,1,65),(4487,31,121,2,66),(4488,32,121,3,66),(4489,33,121,2,67),(4490,34,121,2,67),(4491,35,121,3,68),(4492,36,121,3,69),(4493,37,121,3,70),(4494,38,121,3,70),(4495,39,121,3,70),(4496,40,121,3,70),(4497,41,121,2,70),(4498,42,121,2,70),(4499,43,121,3,70),(4500,44,121,1,71),(4501,45,121,3,71),(4502,46,121,3,71),(4503,47,121,3,71),(4504,48,121,3,71),(4505,49,121,2,71),(4506,50,121,2,71),(4507,51,121,1,72),(4508,52,121,2,72),(4509,53,121,1,72),(4510,54,121,3,72),(4511,55,121,3,72),(4512,56,121,3,72),(4513,57,121,2,72),(4514,58,121,2,73),(4515,59,121,2,73),(4516,60,121,3,73),(4517,61,121,2,73),(4518,62,121,2,74),(4519,63,121,1,74),(4520,64,121,3,74),(4521,65,121,3,74),(4522,66,121,3,75),(4523,67,121,3,75),(4524,68,121,3,75),(4525,69,121,3,75),(4526,70,121,2,76),(4527,71,121,3,76),(4528,72,121,2,76),(4529,73,121,2,76),(4530,74,121,3,77),(4531,75,121,2,77),(4532,76,121,3,77),(4533,77,121,2,77),(4534,78,121,2,77),(4535,79,121,2,78),(4536,80,121,3,78),(4537,81,121,2,78),(4538,82,121,2,78),(4539,83,121,3,78),(4540,84,121,2,79),(4541,85,121,2,79),(4542,86,121,2,79),(4543,87,121,2,79),(4544,88,121,3,80),(4545,89,121,3,80),(4546,90,121,3,80),(4547,91,121,2,80),(4548,92,121,2,81),(4549,93,121,3,81),(4550,94,121,3,82),(4551,95,121,3,82),(4552,96,121,1,83),(4553,97,121,3,83),(4554,98,121,1,84),(4555,99,121,3,84),(4556,100,121,2,84),(4557,1,122,1,1),(4558,2,122,2,1),(4559,3,122,1,1),(4560,4,122,3,1),(4561,5,122,1,1),(4562,6,122,1,1),(4563,7,122,1,1),(4564,8,122,2,1),(4565,9,122,3,1),(4566,10,122,2,1),(4567,11,122,1,1),(4568,12,122,1,1),(4569,13,122,1,1),(4570,14,122,1,1),(4571,15,122,3,1),(4572,16,122,2,2),(4573,17,122,1,2),(4574,18,122,1,2),(4575,19,122,1,2),(4576,20,122,1,2),(4577,21,122,2,2),(4578,22,122,1,2),(4579,23,122,2,2),(4580,24,122,1,2),(4581,25,122,1,2),(4582,26,122,2,2),(4583,27,122,1,2),(4584,28,122,1,2),(4585,29,122,1,2),(4586,30,122,2,2),(4587,31,122,1,3),(4588,32,122,2,3),(4589,33,122,3,3),(4590,34,122,3,3),(4591,35,122,3,3),(4592,36,122,1,3),(4593,37,122,3,4),(4594,38,122,2,4),(4595,39,122,3,4),(4596,40,122,3,4),(4597,41,122,3,4),(4598,42,122,2,4),(4599,43,122,1,5),(4600,44,122,1,5),(4601,45,122,1,5),(4602,46,122,1,5),(4603,47,122,3,5),(4604,48,122,1,5),(4605,49,122,3,6),(4606,50,122,3,6),(4607,51,122,3,6),(4608,52,122,3,6),(4609,53,122,3,6),(4610,54,122,1,7),(4611,55,122,2,7),(4612,56,122,2,7),(4613,57,122,1,8),(4614,58,122,3,8),(4615,59,122,1,8),(4616,60,122,1,9),(4617,61,122,2,9),(4618,62,122,3,10),(4619,63,122,2,10),(4620,64,122,2,11),(4621,65,122,1,11),(4622,66,122,1,12),(4623,67,122,3,13),(4624,68,122,1,13),(4625,69,122,1,14),(4626,70,122,2,14),(4627,71,122,1,15),(4628,72,122,2,15),(4629,73,122,3,16),(4630,74,122,2,16),(4631,75,122,2,17),(4632,76,122,2,17),(4633,77,122,1,18),(4634,78,122,3,18),(4635,79,122,3,18),(4636,80,122,3,18),(4637,81,122,3,18),(4638,82,122,3,18),(4639,83,122,3,18),(4640,84,122,1,18),(4641,85,122,3,19),(4642,86,122,3,19),(4643,87,122,3,19),(4644,88,122,3,19),(4645,89,122,3,19),(4646,90,122,3,19),(4647,91,122,3,19),(4648,92,122,3,19),(4649,93,122,3,20),(4650,94,122,3,20),(4651,95,122,2,20),(4652,96,122,2,20),(4653,97,122,1,20),(4654,98,122,2,21),(4655,99,122,2,21),(4656,100,122,2,21),(4657,1,123,2,1),(4658,2,123,1,1),(4659,3,123,1,1),(4660,4,123,2,1),(4661,5,123,2,1),(4662,6,123,3,1),(4663,7,123,1,1),(4664,8,123,1,1),(4665,9,123,3,1),(4666,10,123,1,1),(4667,11,123,1,1),(4668,12,123,2,1),(4669,13,123,2,1),(4670,14,123,1,1),(4671,15,123,2,1),(4672,16,123,1,2),(4673,17,123,1,2),(4674,18,123,1,2),(4675,19,123,2,2),(4676,20,123,1,2),(4677,21,123,2,2),(4678,22,123,1,2),(4679,23,123,1,2),(4680,24,123,1,2),(4681,25,123,2,2),(4682,26,123,2,2),(4683,27,123,1,2),(4684,28,123,1,2),(4685,29,123,1,2),(4686,30,123,2,2),(4687,31,123,1,3),(4688,32,123,2,3),(4689,33,123,3,3),(4690,34,123,3,3),(4691,35,123,3,3),(4692,36,123,2,3),(4693,37,123,3,4),(4694,38,123,2,4),(4695,39,123,3,4),(4696,40,123,3,4),(4697,41,123,3,4),(4698,42,123,2,4),(4699,43,123,3,5),(4700,44,123,2,5),(4701,45,123,1,5),(4702,46,123,1,5),(4703,47,123,2,5),(4704,48,123,2,5),(4705,49,123,3,6),(4706,50,123,3,6),(4707,51,123,2,6),(4708,52,123,3,6),(4709,53,123,3,6),(4710,54,123,2,7),(4711,55,123,1,7),(4712,56,123,2,7),(4713,57,123,2,8),(4714,58,123,2,8),(4715,59,123,1,8),(4716,60,123,3,9),(4717,61,123,2,9),(4718,62,123,2,10),(4719,63,123,2,10),(4720,64,123,2,11),(4721,65,123,1,11),(4722,66,123,1,12),(4723,67,123,3,13),(4724,68,123,2,13),(4725,69,123,2,14),(4726,70,123,3,14),(4727,71,123,2,15),(4728,72,123,1,15),(4729,73,123,1,16),(4730,74,123,2,16),(4731,75,123,2,17),(4732,76,123,2,17),(4733,77,123,2,18),(4734,78,123,3,18),(4735,79,123,3,18),(4736,80,123,1,18),(4737,81,123,1,18),(4738,82,123,3,18),(4739,83,123,2,18),(4740,84,123,2,18),(4741,85,123,1,19),(4742,86,123,3,19),(4743,87,123,3,19),(4744,88,123,2,19),(4745,89,123,3,19),(4746,90,123,1,19),(4747,91,123,3,19),(4748,92,123,2,19),(4749,93,123,1,20),(4750,94,123,2,20),(4751,95,123,2,20),(4752,96,123,2,20),(4753,97,123,2,20),(4754,98,123,3,21),(4755,99,123,2,21),(4756,100,123,2,21),(4757,1,124,1,1),(4758,2,124,1,1),(4759,3,124,3,1),(4760,4,124,1,1),(4761,5,124,1,1),(4762,6,124,3,1),(4763,7,124,1,1),(4764,8,124,1,1),(4765,9,124,3,1),(4766,10,124,3,1),(4767,11,124,3,1),(4768,12,124,1,1),(4769,13,124,1,1),(4770,14,124,1,1),(4771,15,124,3,1),(4772,16,124,3,2),(4773,17,124,1,2),(4774,18,124,1,2),(4775,19,124,2,2),(4776,20,124,1,2),(4777,21,124,3,2),(4778,22,124,1,2),(4779,23,124,2,2),(4780,24,124,3,2),(4781,25,124,3,2),(4782,26,124,1,2),(4783,27,124,1,2),(4784,28,124,1,2),(4785,29,124,1,2),(4786,30,124,3,2),(4787,31,124,2,3),(4788,32,124,3,3),(4789,33,124,3,3),(4790,34,124,3,3),(4791,35,124,3,3),(4792,36,124,1,3),(4793,37,124,3,4),(4794,38,124,1,4),(4795,39,124,3,4),(4796,40,124,3,4),(4797,41,124,3,4),(4798,42,124,1,4),(4799,43,124,3,5),(4800,44,124,3,5),(4801,45,124,1,5),(4802,46,124,1,5),(4803,47,124,1,5),(4804,48,124,1,5),(4805,49,124,3,6),(4806,50,124,3,6),(4807,51,124,1,6),(4808,52,124,3,6),(4809,53,124,1,6),(4810,54,124,3,7),(4811,55,124,3,7),(4812,56,124,1,7),(4813,57,124,1,8),(4814,58,124,1,8),(4815,59,124,1,8),(4816,60,124,1,9),(4817,61,124,3,9),(4818,62,124,3,10),(4819,63,124,1,10),(4820,64,124,1,11),(4821,65,124,1,11),(4822,66,124,1,12),(4823,67,124,3,13),(4824,68,124,1,13),(4825,69,124,1,14),(4826,70,124,2,14),(4827,71,124,3,15),(4828,72,124,3,15),(4829,73,124,1,16),(4830,74,124,1,16),(4831,75,124,1,17),(4832,76,124,3,17),(4833,77,124,1,18),(4834,78,124,1,18),(4835,79,124,3,18),(4836,80,124,3,18),(4837,81,124,3,18),(4838,82,124,3,18),(4839,83,124,1,18),(4840,84,124,1,18),(4841,85,124,3,19),(4842,86,124,1,19),(4843,87,124,3,19),(4844,88,124,1,19),(4845,89,124,3,19),(4846,90,124,3,19),(4847,91,124,3,19),(4848,92,124,3,19),(4849,93,124,1,20),(4850,94,124,3,20),(4851,95,124,1,20),(4852,96,124,2,20),(4853,97,124,3,20),(4854,98,124,2,21),(4855,99,124,1,21),(4856,100,124,2,21),(4857,1,125,1,1),(4858,2,125,1,1),(4859,3,125,2,1),(4860,4,125,3,1),(4861,5,125,1,1),(4862,6,125,1,1),(4863,7,125,3,1),(4864,8,125,3,1),(4865,9,125,3,1),(4866,10,125,3,1),(4867,11,125,3,1),(4868,12,125,1,1),(4869,13,125,1,1),(4870,14,125,1,1),(4871,15,125,3,1),(4872,16,125,3,2),(4873,17,125,3,2),(4874,18,125,1,2),(4875,19,125,3,2),(4876,20,125,1,2),(4877,21,125,2,2),(4878,22,125,1,2),(4879,23,125,2,2),(4880,24,125,1,2),(4881,25,125,1,2),(4882,26,125,1,2),(4883,27,125,1,2),(4884,28,125,1,2),(4885,29,125,1,2),(4886,30,125,2,2),(4887,31,125,3,3),(4888,32,125,3,3),(4889,33,125,3,3),(4890,34,125,3,3),(4891,35,125,3,3),(4892,36,125,2,3),(4893,37,125,3,4),(4894,38,125,1,4),(4895,39,125,3,4),(4896,40,125,3,4),(4897,41,125,2,4),(4898,42,125,2,4),(4899,43,125,3,5),(4900,44,125,2,5),(4901,45,125,1,5),(4902,46,125,1,5),(4903,47,125,1,5),(4904,48,125,1,5),(4905,49,125,2,6),(4906,50,125,3,6),(4907,51,125,3,6),(4908,52,125,3,6),(4909,53,125,3,6),(4910,54,125,3,7),(4911,55,125,3,7),(4912,56,125,3,7),(4913,57,125,3,8),(4914,58,125,1,8),(4915,59,125,1,8),(4916,60,125,1,9),(4917,61,125,3,9),(4918,62,125,1,10),(4919,63,125,2,10),(4920,64,125,2,11),(4921,65,125,1,11),(4922,66,125,1,12),(4923,67,125,3,13),(4924,68,125,3,13),(4925,69,125,1,14),(4926,70,125,2,14),(4927,71,125,2,15),(4928,72,125,3,15),(4929,73,125,1,16),(4930,74,125,3,16),(4931,75,125,3,17),(4932,76,125,2,17),(4933,77,125,3,18),(4934,78,125,3,18),(4935,79,125,3,18),(4936,80,125,3,18),(4937,81,125,3,18),(4938,82,125,3,18),(4939,83,125,2,18),(4940,84,125,1,18),(4941,85,125,3,19),(4942,86,125,3,19),(4943,87,125,3,19),(4944,88,125,3,19),(4945,89,125,3,19),(4946,90,125,3,19),(4947,91,125,3,19),(4948,92,125,3,19),(4949,93,125,2,20),(4950,94,125,3,20),(4951,95,125,1,20),(4952,96,125,2,20),(4953,97,125,3,20),(4954,98,125,3,21),(4955,99,125,3,21),(4956,100,125,1,21),(4957,1,126,1,1),(4958,2,126,2,1),(4959,3,126,2,1),(4960,4,126,1,1),(4961,5,126,1,1),(4962,6,126,1,1),(4963,7,126,1,1),(4964,8,126,1,1),(4965,9,126,3,1),(4966,10,126,2,1),(4967,11,126,1,1),(4968,12,126,1,1),(4969,13,126,1,1),(4970,14,126,3,1),(4971,15,126,3,1),(4972,16,126,1,2),(4973,17,126,1,2),(4974,18,126,1,2),(4975,19,126,2,2),(4976,20,126,1,2),(4977,21,126,2,2),(4978,22,126,2,2),(4979,23,126,3,2),(4980,24,126,2,2),(4981,25,126,2,2),(4982,26,126,2,2),(4983,27,126,1,2),(4984,28,126,1,2),(4985,29,126,1,2),(4986,30,126,2,2),(4987,31,126,1,3),(4988,32,126,1,3),(4989,33,126,3,3),(4990,34,126,1,3),(4991,35,126,1,3),(4992,36,126,1,3),(4993,37,126,1,4),(4994,38,126,2,4),(4995,39,126,1,4),(4996,40,126,3,4),(4997,41,126,3,4),(4998,42,126,1,4),(4999,43,126,3,5),(5000,44,126,1,5),(5001,45,126,1,5),(5002,46,126,1,5),(5003,47,126,1,5),(5004,48,126,1,5),(5005,49,126,1,6),(5006,50,126,3,6),(5007,51,126,3,6),(5008,52,126,3,6),(5009,53,126,3,6),(5010,54,126,1,7),(5011,55,126,3,7),(5012,56,126,3,7),(5013,57,126,1,8),(5014,58,126,2,8),(5015,59,126,2,8),(5016,60,126,3,9),(5017,61,126,3,9),(5018,62,126,3,10),(5019,63,126,1,10),(5020,64,126,1,11),(5021,65,126,1,11),(5022,66,126,2,12),(5023,67,126,3,13),(5024,68,126,2,13),(5025,69,126,1,14),(5026,70,126,2,14),(5027,71,126,2,15),(5028,72,126,1,15),(5029,73,126,1,16),(5030,74,126,1,16),(5031,75,126,3,17),(5032,76,126,2,17),(5033,77,126,1,18),(5034,78,126,1,18),(5035,79,126,3,18),(5036,80,126,1,18),(5037,81,126,2,18),(5038,82,126,3,18),(5039,83,126,1,18),(5040,84,126,2,18),(5041,85,126,1,19),(5042,86,126,3,19),(5043,87,126,3,19),(5044,88,126,3,19),(5045,89,126,3,19),(5046,90,126,3,19),(5047,91,126,3,19),(5048,92,126,3,19),(5049,93,126,2,20),(5050,94,126,3,20),(5051,95,126,3,20),(5052,96,126,3,20),(5053,97,126,3,20),(5054,98,126,3,21),(5055,99,126,2,21),(5056,100,126,2,21),(5057,1,127,1,43),(5058,2,127,2,43),(5059,3,127,3,43),(5060,4,127,3,43),(5061,5,127,3,43),(5062,6,127,3,43),(5063,7,127,3,43),(5064,8,127,3,43),(5065,9,127,3,43),(5066,10,127,3,43),(5067,11,127,3,43),(5068,12,127,3,43),(5069,13,127,3,43),(5070,14,127,3,43),(5071,15,127,3,43),(5072,16,127,1,44),(5073,17,127,1,44),(5074,18,127,1,44),(5075,19,127,1,44),(5076,20,127,1,44),(5077,21,127,2,44),(5078,22,127,1,44),(5079,23,127,1,44),(5080,24,127,2,44),(5081,25,127,1,44),(5082,26,127,2,44),(5083,27,127,1,44),(5084,28,127,1,44),(5085,29,127,2,44),(5086,30,127,2,44),(5087,31,127,2,45),(5088,32,127,3,45),(5089,33,127,3,45),(5090,34,127,3,45),(5091,35,127,3,45),(5092,36,127,3,45),(5093,37,127,3,46),(5094,38,127,3,46),(5095,39,127,2,46),(5096,40,127,2,46),(5097,41,127,2,46),(5098,42,127,2,46),(5099,43,127,3,47),(5100,44,127,2,47),(5101,45,127,1,47),(5102,46,127,3,47),(5103,47,127,2,48),(5104,48,127,2,48),(5105,49,127,2,49),(5106,50,127,3,49),(5107,51,127,2,49),(5108,52,127,3,50),(5109,53,127,2,50),(5110,54,127,3,50),(5111,55,127,3,51),(5112,56,127,3,51),(5113,57,127,3,52),(5114,58,127,2,52),(5115,59,127,3,53),(5116,60,127,2,53),(5117,61,127,2,53),(5118,62,127,2,54),(5119,63,127,2,54),(5120,64,127,3,54),(5121,65,127,3,55),(5122,66,127,2,55),(5123,67,127,2,55),(5124,68,127,3,56),(5125,69,127,2,56),(5126,70,127,2,56),(5127,71,127,3,56),(5128,72,127,2,56),(5129,73,127,3,57),(5130,74,127,2,57),(5131,75,127,2,57),(5132,76,127,1,57),(5133,77,127,1,57),(5134,78,127,3,58),(5135,79,127,2,58),(5136,80,127,2,58),(5137,81,127,3,58),(5138,82,127,3,58),(5139,83,127,1,59),(5140,84,127,2,59),(5141,85,127,2,59),(5142,86,127,2,59),(5143,87,127,2,59),(5144,88,127,2,59),(5145,89,127,1,59),(5146,90,127,3,59),(5147,91,127,2,59),(5148,92,127,3,60),(5149,93,127,3,60),(5150,94,127,3,61),(5151,95,127,3,61),(5152,96,127,2,62),(5153,97,127,2,62),(5154,98,127,3,63),(5155,99,127,2,63),(5156,100,127,2,63),(5157,1,128,1,1),(5158,2,128,1,1),(5159,3,128,1,1),(5160,4,128,1,1),(5161,5,128,1,1),(5162,6,128,1,1),(5163,7,128,1,1),(5164,8,128,1,1),(5165,9,128,2,1),(5166,10,128,3,1),(5167,11,128,1,1),(5168,12,128,1,1),(5169,13,128,1,1),(5170,14,128,1,1),(5171,15,128,2,1),(5172,16,128,2,2),(5173,17,128,1,2),(5174,18,128,1,2),(5175,19,128,2,2),(5176,20,128,1,2),(5177,21,128,1,2),(5178,22,128,1,2),(5179,23,128,1,2),(5180,24,128,2,2),(5181,25,128,1,2),(5182,26,128,2,2),(5183,27,128,1,2),(5184,28,128,1,2),(5185,29,128,2,2),(5186,30,128,1,2),(5187,31,128,1,3),(5188,32,128,2,3),(5189,33,128,3,3),(5190,34,128,2,3),(5191,35,128,2,3),(5192,36,128,1,3),(5193,37,128,3,4),(5194,38,128,1,4),(5195,39,128,2,4),(5196,40,128,2,4),(5197,41,128,2,4),(5198,42,128,2,4),(5199,43,128,3,5),(5200,44,128,1,5),(5201,45,128,1,5),(5202,46,128,3,5),(5203,47,128,2,5),(5204,48,128,1,5),(5205,49,128,2,6),(5206,50,128,2,6),(5207,51,128,2,6),(5208,52,128,2,6),(5209,53,128,2,6),(5210,54,128,1,7),(5211,55,128,1,7),(5212,56,128,1,7),(5213,57,128,2,8),(5214,58,128,1,8),(5215,59,128,3,8),(5216,60,128,1,9),(5217,61,128,3,9),(5218,62,128,2,10),(5219,63,128,1,10),(5220,64,128,3,11),(5221,65,128,2,11),(5222,66,128,1,12),(5223,67,128,3,13),(5224,68,128,1,13),(5225,69,128,3,14),(5226,70,128,2,14),(5227,71,128,2,15),(5228,72,128,3,15),(5229,73,128,1,16),(5230,74,128,1,16),(5231,75,128,1,17),(5232,76,128,2,17),(5233,77,128,2,18),(5234,78,128,1,18),(5235,79,128,2,18),(5236,80,128,1,18),(5237,81,128,3,18),(5238,82,128,2,18),(5239,83,128,3,18),(5240,84,128,1,18),(5241,85,128,2,19),(5242,86,128,3,19),(5243,87,128,3,19),(5244,88,128,3,19),(5245,89,128,3,19),(5246,90,128,2,19),(5247,91,128,3,19),(5248,92,128,3,19),(5249,93,128,1,20),(5250,94,128,2,20),(5251,95,128,2,20),(5252,96,128,3,20),(5253,97,128,2,20),(5254,98,128,2,21),(5255,99,128,1,21),(5256,100,128,2,21),(5257,1,129,1,43),(5258,2,129,1,43),(5259,3,129,3,43),(5260,4,129,3,43),(5261,5,129,1,43),(5262,6,129,3,43),(5263,7,129,3,43),(5264,8,129,3,43),(5265,9,129,3,43),(5266,10,129,1,43),(5267,11,129,3,43),(5268,12,129,2,43),(5269,13,129,3,43),(5270,14,129,2,43),(5271,15,129,3,43),(5272,16,129,1,44),(5273,17,129,1,44),(5274,18,129,1,44),(5275,19,129,1,44),(5276,20,129,1,44),(5277,21,129,1,44),(5278,22,129,2,44),(5279,23,129,1,44),(5280,24,129,1,44),(5281,25,129,2,44),(5282,26,129,2,44),(5283,27,129,1,44),(5284,28,129,1,44),(5285,29,129,1,44),(5286,30,129,2,44),(5287,31,129,2,45),(5288,32,129,3,45),(5289,33,129,3,45),(5290,34,129,3,45),(5291,35,129,3,45),(5292,36,129,3,45),(5293,37,129,3,46),(5294,38,129,2,46),(5295,39,129,2,46),(5296,40,129,3,46),(5297,41,129,2,46),(5298,42,129,2,46),(5299,43,129,3,47),(5300,44,129,2,47),(5301,45,129,2,47),(5302,46,129,2,47),(5303,47,129,2,48),(5304,48,129,1,48),(5305,49,129,3,49),(5306,50,129,1,49),(5307,51,129,2,49),(5308,52,129,3,50),(5309,53,129,2,50),(5310,54,129,1,50),(5311,55,129,2,51),(5312,56,129,3,51),(5313,57,129,2,52),(5314,58,129,3,52),(5315,59,129,3,53),(5316,60,129,3,53),(5317,61,129,2,53),(5318,62,129,2,54),(5319,63,129,2,54),(5320,64,129,2,54),(5321,65,129,3,55),(5322,66,129,2,55),(5323,67,129,2,55),(5324,68,129,2,56),(5325,69,129,2,56),(5326,70,129,2,56),(5327,71,129,2,56),(5328,72,129,2,56),(5329,73,129,3,57),(5330,74,129,2,57),(5331,75,129,3,57),(5332,76,129,2,57),(5333,77,129,1,57),(5334,78,129,2,58),(5335,79,129,2,58),(5336,80,129,3,58),(5337,81,129,1,58),(5338,82,129,3,58),(5339,83,129,2,59),(5340,84,129,2,59),(5341,85,129,2,59),(5342,86,129,2,59),(5343,87,129,2,59),(5344,88,129,2,59),(5345,89,129,2,59),(5346,90,129,2,59),(5347,91,129,2,59),(5348,92,129,3,60),(5349,93,129,3,60),(5350,94,129,2,61),(5351,95,129,3,61),(5352,96,129,2,62),(5353,97,129,2,62),(5354,98,129,3,63),(5355,99,129,2,63),(5356,100,129,2,63),(5357,1,130,1,1),(5358,2,130,2,1),(5359,3,130,1,1),(5360,4,130,3,1),(5361,5,130,3,1),(5362,6,130,2,1),(5363,7,130,1,1),(5364,8,130,2,1),(5365,9,130,3,1),(5366,10,130,2,1),(5367,11,130,3,1),(5368,12,130,2,1),(5369,13,130,3,1),(5370,14,130,3,1),(5371,15,130,3,1),(5372,16,130,1,2),(5373,17,130,2,2),(5374,18,130,3,2),(5375,19,130,1,2),(5376,20,130,1,2),(5377,21,130,2,2),(5378,22,130,1,2),(5379,23,130,1,2),(5380,24,130,3,2),(5381,25,130,2,2),(5382,26,130,2,2),(5383,27,130,1,2),(5384,28,130,1,2),(5385,29,130,1,2),(5386,30,130,1,2),(5387,31,130,1,3),(5388,32,130,3,3),(5389,33,130,3,3),(5390,34,130,3,3),(5391,35,130,3,3),(5392,36,130,2,3),(5393,37,130,3,4),(5394,38,130,1,4),(5395,39,130,3,4),(5396,40,130,3,4),(5397,41,130,2,4),(5398,42,130,2,4),(5399,43,130,3,5),(5400,44,130,2,5),(5401,45,130,3,5),(5402,46,130,1,5),(5403,47,130,3,5),(5404,48,130,3,5),(5405,49,130,3,6),(5406,50,130,3,6),(5407,51,130,1,6),(5408,52,130,3,6),(5409,53,130,2,6),(5410,54,130,1,7),(5411,55,130,2,7),(5412,56,130,2,7),(5413,57,130,1,8),(5414,58,130,2,8),(5415,59,130,1,8),(5416,60,130,1,9),(5417,61,130,3,9),(5418,62,130,1,10),(5419,63,130,1,10),(5420,64,130,1,11),(5421,65,130,1,11),(5422,66,130,1,12),(5423,67,130,3,13),(5424,68,130,2,13),(5425,69,130,3,14),(5426,70,130,2,14),(5427,71,130,3,15),(5428,72,130,3,15),(5429,73,130,2,16),(5430,74,130,1,16),(5431,75,130,2,17),(5432,76,130,1,17),(5433,77,130,3,18),(5434,78,130,3,18),(5435,79,130,3,18),(5436,80,130,3,18),(5437,81,130,3,18),(5438,82,130,3,18),(5439,83,130,3,18),(5440,84,130,1,18),(5441,85,130,3,19),(5442,86,130,3,19),(5443,87,130,3,19),(5444,88,130,3,19),(5445,89,130,3,19),(5446,90,130,2,19),(5447,91,130,3,19),(5448,92,130,3,19),(5449,93,130,2,20),(5450,94,130,3,20),(5451,95,130,1,20),(5452,96,130,2,20),(5453,97,130,1,20),(5454,98,130,3,21),(5455,99,130,3,21),(5456,100,130,1,21),(5457,1,131,1,1),(5458,2,131,1,1),(5459,3,131,1,1),(5460,4,131,1,1),(5461,5,131,1,1),(5462,6,131,1,1),(5463,7,131,1,1),(5464,8,131,1,1),(5465,9,131,1,1),(5466,10,131,1,1),(5467,11,131,1,1),(5468,12,131,2,1),(5469,13,131,1,1),(5470,14,131,1,1),(5471,15,131,2,1),(5472,16,131,1,2),(5473,17,131,1,2),(5474,18,131,1,2),(5475,19,131,1,2),(5476,20,131,1,2),(5477,21,131,1,2),(5478,22,131,1,2),(5479,23,131,2,2),(5480,24,131,2,2),(5481,25,131,1,2),(5482,26,131,2,2),(5483,27,131,1,2),(5484,28,131,1,2),(5485,29,131,2,2),(5486,30,131,1,2),(5487,31,131,1,3),(5488,32,131,1,3),(5489,33,131,1,3),(5490,34,131,1,3),(5491,35,131,1,3),(5492,36,131,2,3),(5493,37,131,1,4),(5494,38,131,1,4),(5495,39,131,1,4),(5496,40,131,3,4),(5497,41,131,1,4),(5498,42,131,1,4),(5499,43,131,1,5),(5500,44,131,1,5),(5501,45,131,1,5),(5502,46,131,1,5),(5503,47,131,1,5),(5504,48,131,1,5),(5505,49,131,1,6),(5506,50,131,2,6),(5507,51,131,1,6),(5508,52,131,1,6),(5509,53,131,1,6),(5510,54,131,1,7),(5511,55,131,1,7),(5512,56,131,1,7),(5513,57,131,1,8),(5514,58,131,1,8),(5515,59,131,1,8),(5516,60,131,3,9),(5517,61,131,3,9),(5518,62,131,1,10),(5519,63,131,1,10),(5520,64,131,1,11),(5521,65,131,1,11),(5522,66,131,1,12),(5523,67,131,3,13),(5524,68,131,2,13),(5525,69,131,3,14),(5526,70,131,2,14),(5527,71,131,3,15),(5528,72,131,2,15),(5529,73,131,1,16),(5530,74,131,2,16),(5531,75,131,2,17),(5532,76,131,2,17),(5533,77,131,1,18),(5534,78,131,1,18),(5535,79,131,1,18),(5536,80,131,1,18),(5537,81,131,1,18),(5538,82,131,1,18),(5539,83,131,1,18),(5540,84,131,1,18),(5541,85,131,1,19),(5542,86,131,1,19),(5543,87,131,1,19),(5544,88,131,1,19),(5545,89,131,1,19),(5546,90,131,1,19),(5547,91,131,1,19),(5548,92,131,2,19),(5549,93,131,1,20),(5550,94,131,1,20),(5551,95,131,2,20),(5552,96,131,2,20),(5553,97,131,3,20),(5554,98,131,3,21),(5555,99,131,1,21),(5556,100,131,1,21),(5557,1,132,1,1),(5558,2,132,2,1),(5559,3,132,2,1),(5560,4,132,1,1),(5561,5,132,1,1),(5562,6,132,1,1),(5563,7,132,2,1),(5564,8,132,2,1),(5565,9,132,2,1),(5566,10,132,2,1),(5567,11,132,2,1),(5568,12,132,3,1),(5569,13,132,1,1),(5570,14,132,2,1),(5571,15,132,2,1),(5572,16,132,1,2),(5573,17,132,2,2),(5574,18,132,1,2),(5575,19,132,2,2),(5576,20,132,2,2),(5577,21,132,1,2),(5578,22,132,1,2),(5579,23,132,1,2),(5580,24,132,2,2),(5581,25,132,2,2),(5582,26,132,1,2),(5583,27,132,1,2),(5584,28,132,1,2),(5585,29,132,1,2),(5586,30,132,2,2),(5587,31,132,2,3),(5588,32,132,1,3),(5589,33,132,2,3),(5590,34,132,2,3),(5591,35,132,2,3),(5592,36,132,2,3),(5593,37,132,2,4),(5594,38,132,2,4),(5595,39,132,2,4),(5596,40,132,3,4),(5597,41,132,2,4),(5598,42,132,2,4),(5599,43,132,1,5),(5600,44,132,2,5),(5601,45,132,3,5),(5602,46,132,1,5),(5603,47,132,2,5),(5604,48,132,2,5),(5605,49,132,2,6),(5606,50,132,2,6),(5607,51,132,2,6),(5608,52,132,2,6),(5609,53,132,1,6),(5610,54,132,2,7),(5611,55,132,1,7),(5612,56,132,2,7),(5613,57,132,1,8),(5614,58,132,2,8),(5615,59,132,2,8),(5616,60,132,1,9),(5617,61,132,1,9),(5618,62,132,1,10),(5619,63,132,1,10),(5620,64,132,1,11),(5621,65,132,1,11),(5622,66,132,2,12),(5623,67,132,2,13),(5624,68,132,2,13),(5625,69,132,1,14),(5626,70,132,2,14),(5627,71,132,2,15),(5628,72,132,2,15),(5629,73,132,2,16),(5630,74,132,2,16),(5631,75,132,2,17),(5632,76,132,2,17),(5633,77,132,2,18),(5634,78,132,2,18),(5635,79,132,1,18),(5636,80,132,3,18),(5637,81,132,2,18),(5638,82,132,1,18),(5639,83,132,3,18),(5640,84,132,3,18),(5641,85,132,1,19),(5642,86,132,2,19),(5643,87,132,2,19),(5644,88,132,2,19),(5645,89,132,2,19),(5646,90,132,2,19),(5647,91,132,2,19),(5648,92,132,2,19),(5649,93,132,1,20),(5650,94,132,2,20),(5651,95,132,2,20),(5652,96,132,2,20),(5653,97,132,1,20),(5654,98,132,2,21),(5655,99,132,1,21),(5656,100,132,2,21),(5657,1,133,1,64),(5658,2,133,1,64),(5659,3,133,1,64),(5660,4,133,1,64),(5661,5,133,1,64),(5662,6,133,1,64),(5663,7,133,3,64),(5664,8,133,3,64),(5665,9,133,3,64),(5666,10,133,3,64),(5667,11,133,3,64),(5668,12,133,3,64),(5669,13,133,1,64),(5670,14,133,2,64),(5671,15,133,2,64),(5672,16,133,1,65),(5673,17,133,1,65),(5674,18,133,1,65),(5675,19,133,2,65),(5676,20,133,1,65),(5677,21,133,1,65),(5678,22,133,1,65),(5679,23,133,2,65),(5680,24,133,1,65),(5681,25,133,2,65),(5682,26,133,2,65),(5683,27,133,1,65),(5684,28,133,1,65),(5685,29,133,2,65),(5686,30,133,1,65),(5687,31,133,2,66),(5688,32,133,1,66),(5689,33,133,1,67),(5690,34,133,2,67),(5691,35,133,2,68),(5692,36,133,2,69),(5693,37,133,2,70),(5694,38,133,2,70),(5695,39,133,2,70),(5696,40,133,1,70),(5697,41,133,3,70),(5698,42,133,3,70),(5699,43,133,3,70),(5700,44,133,3,71),(5701,45,133,3,71),(5702,46,133,3,71),(5703,47,133,3,71),(5704,48,133,1,71),(5705,49,133,2,71),(5706,50,133,2,71),(5707,51,133,2,72),(5708,52,133,2,72),(5709,53,133,1,72),(5710,54,133,2,72),(5711,55,133,3,72),(5712,56,133,2,72),(5713,57,133,2,72),(5714,58,133,2,73),(5715,59,133,1,73),(5716,60,133,1,73),(5717,61,133,2,73),(5718,62,133,2,74),(5719,63,133,1,74),(5720,64,133,2,74),(5721,65,133,1,74),(5722,66,133,2,75),(5723,67,133,2,75),(5724,68,133,2,75),(5725,69,133,2,75),(5726,70,133,2,76),(5727,71,133,2,76),(5728,72,133,1,76),(5729,73,133,1,76),(5730,74,133,3,77),(5731,75,133,2,77),(5732,76,133,1,77),(5733,77,133,2,77),(5734,78,133,2,77),(5735,79,133,2,78),(5736,80,133,1,78),(5737,81,133,1,78),(5738,82,133,1,78),(5739,83,133,2,78),(5740,84,133,2,79),(5741,85,133,2,79),(5742,86,133,2,79),(5743,87,133,2,79),(5744,88,133,2,80),(5745,89,133,2,80),(5746,90,133,1,80),(5747,91,133,2,80),(5748,92,133,2,81),(5749,93,133,1,81),(5750,94,133,2,82),(5751,95,133,3,82),(5752,96,133,2,83),(5753,97,133,2,83),(5754,98,133,1,84),(5755,99,133,2,84),(5756,100,133,2,84),(5757,1,134,1,43),(5758,2,134,1,43),(5759,3,134,2,43),(5760,4,134,2,43),(5761,5,134,3,43),(5762,6,134,3,43),(5763,7,134,2,43),(5764,8,134,3,43),(5765,9,134,3,43),(5766,10,134,2,43),(5767,11,134,2,43),(5768,12,134,2,43),(5769,13,134,2,43),(5770,14,134,1,43),(5771,15,134,1,43),(5772,16,134,2,44),(5773,17,134,1,44),(5774,18,134,2,44),(5775,19,134,1,44),(5776,20,134,1,44),(5777,21,134,2,44),(5778,22,134,1,44),(5779,23,134,1,44),(5780,24,134,1,44),(5781,25,134,1,44),(5782,26,134,2,44),(5783,27,134,1,44),(5784,28,134,1,44),(5785,29,134,1,44),(5786,30,134,2,44),(5787,31,134,2,45),(5788,32,134,2,45),(5789,33,134,3,45),(5790,34,134,1,45),(5791,35,134,2,45),(5792,36,134,3,45),(5793,37,134,2,46),(5794,38,134,2,46),(5795,39,134,2,46),(5796,40,134,2,46),(5797,41,134,2,46),(5798,42,134,2,46),(5799,43,134,1,47),(5800,44,134,2,47),(5801,45,134,2,47),(5802,46,134,2,47),(5803,47,134,2,48),(5804,48,134,1,48),(5805,49,134,2,49),(5806,50,134,1,49),(5807,51,134,2,49),(5808,52,134,2,50),(5809,53,134,2,50),(5810,54,134,2,50),(5811,55,134,2,51),(5812,56,134,2,51),(5813,57,134,1,52),(5814,58,134,2,52),(5815,59,134,2,53),(5816,60,134,2,53),(5817,61,134,2,53),(5818,62,134,2,54),(5819,63,134,2,54),(5820,64,134,2,54),(5821,65,134,1,55),(5822,66,134,2,55),(5823,67,134,2,55),(5824,68,134,2,56),(5825,69,134,2,56),(5826,70,134,1,56),(5827,71,134,2,56),(5828,72,134,2,56),(5829,73,134,2,57),(5830,74,134,2,57),(5831,75,134,2,57),(5832,76,134,2,57),(5833,77,134,2,57),(5834,78,134,2,58),(5835,79,134,2,58),(5836,80,134,2,58),(5837,81,134,2,58),(5838,82,134,1,58),(5839,83,134,1,59),(5840,84,134,2,59),(5841,85,134,1,59),(5842,86,134,2,59),(5843,87,134,2,59),(5844,88,134,1,59),(5845,89,134,1,59),(5846,90,134,2,59),(5847,91,134,2,59),(5848,92,134,2,60),(5849,93,134,3,60),(5850,94,134,2,61),(5851,95,134,3,61),(5852,96,134,2,62),(5853,97,134,2,62),(5854,98,134,1,63),(5855,99,134,2,63),(5856,100,134,2,63),(5857,1,135,1,1),(5858,2,135,2,1),(5859,3,135,1,1),(5860,4,135,1,1),(5861,5,135,1,1),(5862,6,135,1,1),(5863,7,135,1,1),(5864,8,135,2,1),(5865,9,135,3,1),(5866,10,135,3,1),(5867,11,135,1,1),(5868,12,135,1,1),(5869,13,135,1,1),(5870,14,135,1,1),(5871,15,135,3,1),(5872,16,135,3,2),(5873,17,135,3,2),(5874,18,135,1,2),(5875,19,135,2,2),(5876,20,135,1,2),(5877,21,135,3,2),(5878,22,135,1,2),(5879,23,135,2,2),(5880,24,135,3,2),(5881,25,135,1,2),(5882,26,135,1,2),(5883,27,135,1,2),(5884,28,135,1,2),(5885,29,135,1,2),(5886,30,135,2,2),(5887,31,135,1,3),(5888,32,135,1,3),(5889,33,135,3,3),(5890,34,135,1,3),(5891,35,135,3,3),(5892,36,135,2,3),(5893,37,135,1,4),(5894,38,135,1,4),(5895,39,135,3,4),(5896,40,135,3,4),(5897,41,135,2,4),(5898,42,135,1,4),(5899,43,135,3,5),(5900,44,135,1,5),(5901,45,135,2,5),(5902,46,135,1,5),(5903,47,135,1,5),(5904,48,135,1,5),(5905,49,135,3,6),(5906,50,135,3,6),(5907,51,135,1,6),(5908,52,135,3,6),(5909,53,135,3,6),(5910,54,135,2,7),(5911,55,135,2,7),(5912,56,135,1,7),(5913,57,135,1,8),(5914,58,135,1,8),(5915,59,135,1,8),(5916,60,135,1,9),(5917,61,135,3,9),(5918,62,135,3,10),(5919,63,135,3,10),(5920,64,135,2,11),(5921,65,135,3,11),(5922,66,135,2,12),(5923,67,135,3,13),(5924,68,135,3,13),(5925,69,135,1,14),(5926,70,135,2,14),(5927,71,135,1,15),(5928,72,135,3,15),(5929,73,135,1,16),(5930,74,135,1,16),(5931,75,135,3,17),(5932,76,135,2,17),(5933,77,135,1,18),(5934,78,135,1,18),(5935,79,135,3,18),(5936,80,135,3,18),(5937,81,135,1,18),(5938,82,135,1,18),(5939,83,135,3,18),(5940,84,135,1,18),(5941,85,135,2,19),(5942,86,135,3,19),(5943,87,135,3,19),(5944,88,135,3,19),(5945,89,135,1,19),(5946,90,135,2,19),(5947,91,135,1,19),(5948,92,135,3,19),(5949,93,135,1,20),(5950,94,135,3,20),(5951,95,135,2,20),(5952,96,135,2,20),(5953,97,135,3,20),(5954,98,135,1,21),(5955,99,135,2,21),(5956,100,135,2,21),(5957,1,136,1,1),(5958,2,136,1,1),(5959,3,136,1,1),(5960,4,136,1,1),(5961,5,136,1,1),(5962,6,136,1,1),(5963,7,136,1,1),(5964,8,136,2,1),(5965,9,136,3,1),(5966,10,136,3,1),(5967,11,136,1,1),(5968,12,136,2,1),(5969,13,136,1,1),(5970,14,136,1,1),(5971,15,136,2,1),(5972,16,136,1,2),(5973,17,136,1,2),(5974,18,136,1,2),(5975,19,136,2,2),(5976,20,136,1,2),(5977,21,136,2,2),(5978,22,136,2,2),(5979,23,136,1,2),(5980,24,136,2,2),(5981,25,136,2,2),(5982,26,136,1,2),(5983,27,136,1,2),(5984,28,136,1,2),(5985,29,136,1,2),(5986,30,136,1,2),(5987,31,136,3,3),(5988,32,136,1,3),(5989,33,136,3,3),(5990,34,136,2,3),(5991,35,136,2,3),(5992,36,136,2,3),(5993,37,136,3,4),(5994,38,136,2,4),(5995,39,136,3,4),(5996,40,136,3,4),(5997,41,136,2,4),(5998,42,136,2,4),(5999,43,136,3,5),(6000,44,136,1,5),(6001,45,136,1,5),(6002,46,136,1,5),(6003,47,136,3,5),(6004,48,136,1,5),(6005,49,136,2,6),(6006,50,136,3,6),(6007,51,136,3,6),(6008,52,136,3,6),(6009,53,136,2,6),(6010,54,136,1,7),(6011,55,136,2,7),(6012,56,136,1,7),(6013,57,136,2,8),(6014,58,136,2,8),(6015,59,136,2,8),(6016,60,136,3,9),(6017,61,136,3,9),(6018,62,136,1,10),(6019,63,136,1,10),(6020,64,136,1,11),(6021,65,136,1,11),(6022,66,136,1,12),(6023,67,136,3,13),(6024,68,136,3,13),(6025,69,136,2,14),(6026,70,136,2,14),(6027,71,136,3,15),(6028,72,136,3,15),(6029,73,136,2,16),(6030,74,136,2,16),(6031,75,136,2,17),(6032,76,136,2,17),(6033,77,136,1,18),(6034,78,136,3,18),(6035,79,136,3,18),(6036,80,136,3,18),(6037,81,136,3,18),(6038,82,136,3,18),(6039,83,136,3,18),(6040,84,136,3,18),(6041,85,136,2,19),(6042,86,136,3,19),(6043,87,136,3,19),(6044,88,136,3,19),(6045,89,136,3,19),(6046,90,136,3,19),(6047,91,136,3,19),(6048,92,136,3,19),(6049,93,136,1,20),(6050,94,136,2,20),(6051,95,136,2,20),(6052,96,136,2,20),(6053,97,136,2,20),(6054,98,136,2,21),(6055,99,136,1,21),(6056,100,136,1,21),(6057,1,137,1,1),(6058,2,137,3,1),(6059,3,137,3,1),(6060,4,137,2,1),(6061,5,137,1,1),(6062,6,137,1,1),(6063,7,137,1,1),(6064,8,137,3,1),(6065,9,137,3,1),(6066,10,137,2,1),(6067,11,137,1,1),(6068,12,137,1,1),(6069,13,137,1,1),(6070,14,137,3,1),(6071,15,137,3,1),(6072,16,137,1,2),(6073,17,137,1,2),(6074,18,137,1,2),(6075,19,137,3,2),(6076,20,137,1,2),(6077,21,137,2,2),(6078,22,137,1,2),(6079,23,137,1,2),(6080,24,137,3,2),(6081,25,137,2,2),(6082,26,137,1,2),(6083,27,137,1,2),(6084,28,137,1,2),(6085,29,137,3,2),(6086,30,137,3,2),(6087,31,137,1,3),(6088,32,137,3,3),(6089,33,137,3,3),(6090,34,137,3,3),(6091,35,137,2,3),(6092,36,137,3,3),(6093,37,137,1,4),(6094,38,137,2,4),(6095,39,137,3,4),(6096,40,137,3,4),(6097,41,137,2,4),(6098,42,137,2,4),(6099,43,137,3,5),(6100,44,137,1,5),(6101,45,137,1,5),(6102,46,137,1,5),(6103,47,137,3,5),(6104,48,137,2,5),(6105,49,137,2,6),(6106,50,137,3,6),(6107,51,137,3,6),(6108,52,137,3,6),(6109,53,137,3,6),(6110,54,137,2,7),(6111,55,137,2,7),(6112,56,137,2,7),(6113,57,137,1,8),(6114,58,137,1,8),(6115,59,137,3,8),(6116,60,137,3,9),(6117,61,137,3,9),(6118,62,137,1,10),(6119,63,137,1,10),(6120,64,137,2,11),(6121,65,137,3,11),(6122,66,137,1,12),(6123,67,137,3,13),(6124,68,137,3,13),(6125,69,137,3,14),(6126,70,137,2,14),(6127,71,137,3,15),(6128,72,137,3,15),(6129,73,137,1,16),(6130,74,137,1,16),(6131,75,137,3,17),(6132,76,137,2,17),(6133,77,137,3,18),(6134,78,137,3,18),(6135,79,137,3,18),(6136,80,137,3,18),(6137,81,137,3,18),(6138,82,137,3,18),(6139,83,137,3,18),(6140,84,137,3,18),(6141,85,137,3,19),(6142,86,137,3,19),(6143,87,137,3,19),(6144,88,137,3,19),(6145,89,137,3,19),(6146,90,137,3,19),(6147,91,137,3,19),(6148,92,137,3,19),(6149,93,137,1,20),(6150,94,137,3,20),(6151,95,137,1,20),(6152,96,137,3,20),(6153,97,137,2,20),(6154,98,137,1,21),(6155,99,137,1,21),(6156,100,137,1,21),(6157,1,138,1,1),(6158,2,138,2,1),(6159,3,138,1,1),(6160,4,138,2,1),(6161,5,138,1,1),(6162,6,138,3,1),(6163,7,138,2,1),(6164,8,138,1,1),(6165,9,138,3,1),(6166,10,138,2,1),(6167,11,138,3,1),(6168,12,138,1,1),(6169,13,138,3,1),(6170,14,138,3,1),(6171,15,138,3,1),(6172,16,138,2,2),(6173,17,138,2,2),(6174,18,138,2,2),(6175,19,138,2,2),(6176,20,138,1,2),(6177,21,138,2,2),(6178,22,138,2,2),(6179,23,138,2,2),(6180,24,138,3,2),(6181,25,138,1,2),(6182,26,138,1,2),(6183,27,138,1,2),(6184,28,138,1,2),(6185,29,138,2,2),(6186,30,138,2,2),(6187,31,138,2,3),(6188,32,138,3,3),(6189,33,138,3,3),(6190,34,138,3,3),(6191,35,138,3,3),(6192,36,138,2,3),(6193,37,138,3,4),(6194,38,138,1,4),(6195,39,138,3,4),(6196,40,138,3,4),(6197,41,138,1,4),(6198,42,138,2,4),(6199,43,138,3,5),(6200,44,138,2,5),(6201,45,138,1,5),(6202,46,138,1,5),(6203,47,138,1,5),(6204,48,138,1,5),(6205,49,138,1,6),(6206,50,138,3,6),(6207,51,138,3,6),(6208,52,138,3,6),(6209,53,138,3,6),(6210,54,138,1,7),(6211,55,138,2,7),(6212,56,138,1,7),(6213,57,138,1,8),(6214,58,138,1,8),(6215,59,138,1,8),(6216,60,138,1,9),(6217,61,138,3,9),(6218,62,138,2,10),(6219,63,138,1,10),(6220,64,138,2,11),(6221,65,138,1,11),(6222,66,138,1,12),(6223,67,138,3,13),(6224,68,138,2,13),(6225,69,138,2,14),(6226,70,138,3,14),(6227,71,138,2,15),(6228,72,138,3,15),(6229,73,138,1,16),(6230,74,138,2,16),(6231,75,138,2,17),(6232,76,138,2,17),(6233,77,138,3,18),(6234,78,138,2,18),(6235,79,138,3,18),(6236,80,138,3,18),(6237,81,138,3,18),(6238,82,138,3,18),(6239,83,138,3,18),(6240,84,138,1,18),(6241,85,138,3,19),(6242,86,138,3,19),(6243,87,138,3,19),(6244,88,138,3,19),(6245,89,138,3,19),(6246,90,138,3,19),(6247,91,138,3,19),(6248,92,138,3,19),(6249,93,138,1,20),(6250,94,138,2,20),(6251,95,138,2,20),(6252,96,138,2,20),(6253,97,138,2,20),(6254,98,138,1,21),(6255,99,138,1,21),(6256,100,138,2,21),(6257,1,139,1,1),(6258,2,139,2,1),(6259,3,139,1,1),(6260,4,139,1,1),(6261,5,139,1,1),(6262,6,139,2,1),(6263,7,139,1,1),(6264,8,139,1,1),(6265,9,139,2,1),(6266,10,139,1,1),(6267,11,139,1,1),(6268,12,139,1,1),(6269,13,139,1,1),(6270,14,139,2,1),(6271,15,139,2,1),(6272,16,139,1,2),(6273,17,139,1,2),(6274,18,139,1,2),(6275,19,139,2,2),(6276,20,139,1,2),(6277,21,139,1,2),(6278,22,139,1,2),(6279,23,139,2,2),(6280,24,139,2,2),(6281,25,139,2,2),(6282,26,139,2,2),(6283,27,139,1,2),(6284,28,139,1,2),(6285,29,139,2,2),(6286,30,139,2,2),(6287,31,139,3,3),(6288,32,139,3,3),(6289,33,139,2,3),(6290,34,139,2,3),(6291,35,139,2,3),(6292,36,139,2,3),(6293,37,139,3,4),(6294,38,139,2,4),(6295,39,139,3,4),(6296,40,139,2,4),(6297,41,139,2,4),(6298,42,139,2,4),(6299,43,139,2,5),(6300,44,139,2,5),(6301,45,139,1,5),(6302,46,139,1,5),(6303,47,139,3,5),(6304,48,139,1,5),(6305,49,139,2,6),(6306,50,139,3,6),(6307,51,139,2,6),(6308,52,139,2,6),(6309,53,139,1,6),(6310,54,139,1,7),(6311,55,139,3,7),(6312,56,139,2,7),(6313,57,139,1,8),(6314,58,139,2,8),(6315,59,139,3,8),(6316,60,139,1,9),(6317,61,139,1,9),(6318,62,139,1,10),(6319,63,139,1,10),(6320,64,139,1,11),(6321,65,139,1,11),(6322,66,139,1,12),(6323,67,139,3,13),(6324,68,139,2,13),(6325,69,139,1,14),(6326,70,139,2,14),(6327,71,139,3,15),(6328,72,139,1,15),(6329,73,139,2,16),(6330,74,139,1,16),(6331,75,139,2,17),(6332,76,139,1,17),(6333,77,139,1,18),(6334,78,139,3,18),(6335,79,139,2,18),(6336,80,139,1,18),(6337,81,139,1,18),(6338,82,139,1,18),(6339,83,139,3,18),(6340,84,139,2,18),(6341,85,139,1,19),(6342,86,139,2,19),(6343,87,139,3,19),(6344,88,139,2,19),(6345,89,139,3,19),(6346,90,139,2,19),(6347,91,139,3,19),(6348,92,139,1,19),(6349,93,139,1,20),(6350,94,139,1,20),(6351,95,139,2,20),(6352,96,139,2,20),(6353,97,139,3,20),(6354,98,139,2,21),(6355,99,139,1,21),(6356,100,139,2,21),(6357,1,140,1,1),(6358,2,140,2,1),(6359,3,140,1,1),(6360,4,140,1,1),(6361,5,140,3,1),(6362,6,140,1,1),(6363,7,140,1,1),(6364,8,140,2,1),(6365,9,140,3,1),(6366,10,140,2,1),(6367,11,140,3,1),(6368,12,140,1,1),(6369,13,140,3,1),(6370,14,140,1,1),(6371,15,140,3,1),(6372,16,140,1,2),(6373,17,140,1,2),(6374,18,140,1,2),(6375,19,140,2,2),(6376,20,140,1,2),(6377,21,140,1,2),(6378,22,140,1,2),(6379,23,140,1,2),(6380,24,140,2,2),(6381,25,140,2,2),(6382,26,140,1,2),(6383,27,140,1,2),(6384,28,140,1,2),(6385,29,140,2,2),(6386,30,140,3,2),(6387,31,140,1,3),(6388,32,140,1,3),(6389,33,140,2,3),(6390,34,140,1,3),(6391,35,140,3,3),(6392,36,140,3,3),(6393,37,140,3,4),(6394,38,140,1,4),(6395,39,140,3,4),(6396,40,140,3,4),(6397,41,140,3,4),(6398,42,140,2,4),(6399,43,140,3,5),(6400,44,140,1,5),(6401,45,140,1,5),(6402,46,140,1,5),(6403,47,140,3,5),(6404,48,140,1,5),(6405,49,140,2,6),(6406,50,140,3,6),(6407,51,140,3,6),(6408,52,140,3,6),(6409,53,140,1,6),(6410,54,140,3,7),(6411,55,140,2,7),(6412,56,140,3,7),(6413,57,140,2,8),(6414,58,140,2,8),(6415,59,140,3,8),(6416,60,140,2,9),(6417,61,140,2,9),(6418,62,140,2,10),(6419,63,140,1,10),(6420,64,140,2,11),(6421,65,140,3,11),(6422,66,140,1,12),(6423,67,140,3,13),(6424,68,140,2,13),(6425,69,140,1,14),(6426,70,140,2,14),(6427,71,140,3,15),(6428,72,140,3,15),(6429,73,140,3,16),(6430,74,140,2,16),(6431,75,140,2,17),(6432,76,140,2,17),(6433,77,140,3,18),(6434,78,140,3,18),(6435,79,140,3,18),(6436,80,140,3,18),(6437,81,140,1,18),(6438,82,140,3,18),(6439,83,140,3,18),(6440,84,140,3,18),(6441,85,140,2,19),(6442,86,140,3,19),(6443,87,140,3,19),(6444,88,140,3,19),(6445,89,140,2,19),(6446,90,140,2,19),(6447,91,140,1,19),(6448,92,140,3,19),(6449,93,140,2,20),(6450,94,140,2,20),(6451,95,140,2,20),(6452,96,140,2,20),(6453,97,140,2,20),(6454,98,140,1,21),(6455,99,140,3,21),(6456,100,140,2,21),(6457,1,141,1,1),(6458,2,141,2,1),(6459,3,141,1,1),(6460,4,141,1,1),(6461,5,141,1,1),(6462,6,141,2,1),(6463,7,141,1,1),(6464,8,141,1,1),(6465,9,141,3,1),(6466,10,141,3,1),(6467,11,141,1,1),(6468,12,141,1,1),(6469,13,141,3,1),(6470,14,141,3,1),(6471,15,141,3,1),(6472,16,141,1,2),(6473,17,141,1,2),(6474,18,141,3,2),(6475,19,141,3,2),(6476,20,141,1,2),(6477,21,141,1,2),(6478,22,141,2,2),(6479,23,141,2,2),(6480,24,141,3,2),(6481,25,141,1,2),(6482,26,141,1,2),(6483,27,141,1,2),(6484,28,141,1,2),(6485,29,141,3,2),(6486,30,141,2,2),(6487,31,141,3,3),(6488,32,141,1,3),(6489,33,141,3,3),(6490,34,141,2,3),(6491,35,141,3,3),(6492,36,141,2,3),(6493,37,141,1,4),(6494,38,141,1,4),(6495,39,141,1,4),(6496,40,141,3,4),(6497,41,141,2,4),(6498,42,141,2,4),(6499,43,141,1,5),(6500,44,141,1,5),(6501,45,141,1,5),(6502,46,141,1,5),(6503,47,141,1,5),(6504,48,141,2,5),(6505,49,141,1,6),(6506,50,141,2,6),(6507,51,141,1,6),(6508,52,141,1,6),(6509,53,141,1,6),(6510,54,141,1,7),(6511,55,141,2,7),(6512,56,141,1,7),(6513,57,141,2,8),(6514,58,141,1,8),(6515,59,141,3,8),(6516,60,141,1,9),(6517,61,141,3,9),(6518,62,141,1,10),(6519,63,141,1,10),(6520,64,141,1,11),(6521,65,141,1,11),(6522,66,141,1,12),(6523,67,141,3,13),(6524,68,141,3,13),(6525,69,141,1,14),(6526,70,141,2,14),(6527,71,141,3,15),(6528,72,141,3,15),(6529,73,141,1,16),(6530,74,141,2,16),(6531,75,141,1,17),(6532,76,141,3,17),(6533,77,141,1,18),(6534,78,141,1,18),(6535,79,141,3,18),(6536,80,141,1,18),(6537,81,141,1,18),(6538,82,141,3,18),(6539,83,141,3,18),(6540,84,141,1,18),(6541,85,141,1,19),(6542,86,141,3,19),(6543,87,141,3,19),(6544,88,141,1,19),(6545,89,141,3,19),(6546,90,141,3,19),(6547,91,141,3,19),(6548,92,141,3,19),(6549,93,141,1,20),(6550,94,141,3,20),(6551,95,141,1,20),(6552,96,141,2,20),(6553,97,141,3,20),(6554,98,141,1,21),(6555,99,141,1,21),(6556,100,141,1,21),(6557,1,142,1,64),(6558,2,142,1,64),(6559,3,142,1,64),(6560,4,142,1,64),(6561,5,142,1,64),(6562,6,142,1,64),(6563,7,142,1,64),(6564,8,142,1,64),(6565,9,142,1,64),(6566,10,142,1,64),(6567,11,142,1,64),(6568,12,142,1,64),(6569,13,142,1,64),(6570,14,142,1,64),(6571,15,142,2,64),(6572,16,142,1,65),(6573,17,142,1,65),(6574,18,142,3,65),(6575,19,142,1,65),(6576,20,142,2,65),(6577,21,142,2,65),(6578,22,142,1,65),(6579,23,142,1,65),(6580,24,142,2,65),(6581,25,142,2,65),(6582,26,142,2,65),(6583,27,142,1,65),(6584,28,142,1,65),(6585,29,142,2,65),(6586,30,142,2,65),(6587,31,142,2,66),(6588,32,142,3,66),(6589,33,142,2,67),(6590,34,142,3,67),(6591,35,142,2,68),(6592,36,142,3,69),(6593,37,142,2,70),(6594,38,142,2,70),(6595,39,142,3,70),(6596,40,142,3,70),(6597,41,142,2,70),(6598,42,142,2,70),(6599,43,142,1,70),(6600,44,142,3,71),(6601,45,142,3,71),(6602,46,142,3,71),(6603,47,142,3,71),(6604,48,142,2,71),(6605,49,142,2,71),(6606,50,142,2,71),(6607,51,142,2,72),(6608,52,142,2,72),(6609,53,142,1,72),(6610,54,142,3,72),(6611,55,142,1,72),(6612,56,142,3,72),(6613,57,142,2,72),(6614,58,142,3,73),(6615,59,142,1,73),(6616,60,142,1,73),(6617,61,142,2,73),(6618,62,142,2,74),(6619,63,142,3,74),(6620,64,142,3,74),(6621,65,142,3,74),(6622,66,142,3,75),(6623,67,142,3,75),(6624,68,142,1,75),(6625,69,142,1,75),(6626,70,142,2,76),(6627,71,142,2,76),(6628,72,142,3,76),(6629,73,142,2,76),(6630,74,142,3,77),(6631,75,142,3,77),(6632,76,142,3,77),(6633,77,142,2,77),(6634,78,142,2,77),(6635,79,142,2,78),(6636,80,142,2,78),(6637,81,142,2,78),(6638,82,142,2,78),(6639,83,142,2,78),(6640,84,142,3,79),(6641,85,142,3,79),(6642,86,142,2,79),(6643,87,142,2,79),(6644,88,142,2,80),(6645,89,142,2,80),(6646,90,142,2,80),(6647,91,142,3,80),(6648,92,142,3,81),(6649,93,142,3,81),(6650,94,142,3,82),(6651,95,142,3,82),(6652,96,142,1,83),(6653,97,142,2,83),(6654,98,142,3,84),(6655,99,142,3,84),(6656,100,142,2,84),(6657,1,143,1,1),(6658,2,143,2,1),(6659,3,143,3,1),(6660,4,143,1,1),(6661,5,143,1,1),(6662,6,143,3,1),(6663,7,143,2,1),(6664,8,143,1,1),(6665,9,143,3,1),(6666,10,143,2,1),(6667,11,143,1,1),(6668,12,143,1,1),(6669,13,143,1,1),(6670,14,143,3,1),(6671,15,143,1,1),(6672,16,143,1,2),(6673,17,143,1,2),(6674,18,143,1,2),(6675,19,143,1,2),(6676,20,143,1,2),(6677,21,143,1,2),(6678,22,143,1,2),(6679,23,143,2,2),(6680,24,143,2,2),(6681,25,143,1,2),(6682,26,143,2,2),(6683,27,143,1,2),(6684,28,143,1,2),(6685,29,143,2,2),(6686,30,143,2,2),(6687,31,143,1,3),(6688,32,143,3,3),(6689,33,143,3,3),(6690,34,143,1,3),(6691,35,143,3,3),(6692,36,143,2,3),(6693,37,143,1,4),(6694,38,143,1,4),(6695,39,143,2,4),(6696,40,143,3,4),(6697,41,143,1,4),(6698,42,143,2,4),(6699,43,143,3,5),(6700,44,143,1,5),(6701,45,143,1,5),(6702,46,143,1,5),(6703,47,143,3,5),(6704,48,143,3,5),(6705,49,143,2,6),(6706,50,143,3,6),(6707,51,143,1,6),(6708,52,143,1,6),(6709,53,143,3,6),(6710,54,143,2,7),(6711,55,143,2,7),(6712,56,143,3,7),(6713,57,143,1,8),(6714,58,143,2,8),(6715,59,143,3,8),(6716,60,143,1,9),(6717,61,143,3,9),(6718,62,143,1,10),(6719,63,143,1,10),(6720,64,143,1,11),(6721,65,143,1,11),(6722,66,143,2,12),(6723,67,143,3,13),(6724,68,143,3,13),(6725,69,143,1,14),(6726,70,143,2,14),(6727,71,143,2,15),(6728,72,143,3,15),(6729,73,143,1,16),(6730,74,143,2,16),(6731,75,143,2,17),(6732,76,143,1,17),(6733,77,143,1,18),(6734,78,143,3,18),(6735,79,143,3,18),(6736,80,143,3,18),(6737,81,143,3,18),(6738,82,143,3,18),(6739,83,143,3,18),(6740,84,143,3,18),(6741,85,143,1,19),(6742,86,143,3,19),(6743,87,143,3,19),(6744,88,143,3,19),(6745,89,143,3,19),(6746,90,143,3,19),(6747,91,143,3,19),(6748,92,143,3,19),(6749,93,143,2,20),(6750,94,143,3,20),(6751,95,143,2,20),(6752,96,143,2,20),(6753,97,143,2,20),(6754,98,143,3,21),(6755,99,143,2,21),(6756,100,143,1,21),(6757,1,144,1,1),(6758,2,144,2,1),(6759,3,144,3,1),(6760,4,144,1,1),(6761,5,144,3,1),(6762,6,144,2,1),(6763,7,144,3,1),(6764,8,144,2,1),(6765,9,144,3,1),(6766,10,144,2,1),(6767,11,144,1,1),(6768,12,144,1,1),(6769,13,144,2,1),(6770,14,144,1,1),(6771,15,144,3,1),(6772,16,144,1,2),(6773,17,144,1,2),(6774,18,144,1,2),(6775,19,144,1,2),(6776,20,144,1,2),(6777,21,144,2,2),(6778,22,144,2,2),(6779,23,144,1,2),(6780,24,144,1,2),(6781,25,144,1,2),(6782,26,144,1,2),(6783,27,144,1,2),(6784,28,144,1,2),(6785,29,144,2,2),(6786,30,144,2,2),(6787,31,144,1,3),(6788,32,144,3,3),(6789,33,144,3,3),(6790,34,144,3,3),(6791,35,144,3,3),(6792,36,144,3,3),(6793,37,144,3,4),(6794,38,144,2,4),(6795,39,144,3,4),(6796,40,144,3,4),(6797,41,144,1,4),(6798,42,144,2,4),(6799,43,144,3,5),(6800,44,144,1,5),(6801,45,144,3,5),(6802,46,144,3,5),(6803,47,144,3,5),(6804,48,144,3,5),(6805,49,144,3,6),(6806,50,144,3,6),(6807,51,144,3,6),(6808,52,144,3,6),(6809,53,144,3,6),(6810,54,144,1,7),(6811,55,144,2,7),(6812,56,144,3,7),(6813,57,144,1,8),(6814,58,144,2,8),(6815,59,144,1,8),(6816,60,144,1,9),(6817,61,144,3,9),(6818,62,144,2,10),(6819,63,144,1,10),(6820,64,144,1,11),(6821,65,144,3,11),(6822,66,144,1,12),(6823,67,144,3,13),(6824,68,144,3,13),(6825,69,144,1,14),(6826,70,144,2,14),(6827,71,144,1,15),(6828,72,144,3,15),(6829,73,144,2,16),(6830,74,144,2,16),(6831,75,144,3,17),(6832,76,144,2,17),(6833,77,144,3,18),(6834,78,144,3,18),(6835,79,144,3,18),(6836,80,144,3,18),(6837,81,144,3,18),(6838,82,144,3,18),(6839,83,144,3,18),(6840,84,144,1,18),(6841,85,144,3,19),(6842,86,144,3,19),(6843,87,144,3,19),(6844,88,144,3,19),(6845,89,144,3,19),(6846,90,144,3,19),(6847,91,144,3,19),(6848,92,144,3,19),(6849,93,144,1,20),(6850,94,144,2,20),(6851,95,144,1,20),(6852,96,144,3,20),(6853,97,144,3,20),(6854,98,144,3,21),(6855,99,144,2,21),(6856,100,144,2,21),(6857,1,145,1,43),(6858,2,145,1,43),(6859,3,145,2,43),(6860,4,145,3,43),(6861,5,145,3,43),(6862,6,145,3,43),(6863,7,145,3,43),(6864,8,145,3,43),(6865,9,145,3,43),(6866,10,145,3,43),(6867,11,145,3,43),(6868,12,145,3,43),(6869,13,145,1,43),(6870,14,145,1,43),(6871,15,145,3,43),(6872,16,145,2,44),(6873,17,145,1,44),(6874,18,145,1,44),(6875,19,145,2,44),(6876,20,145,1,44),(6877,21,145,1,44),(6878,22,145,1,44),(6879,23,145,2,44),(6880,24,145,1,44),(6881,25,145,1,44),(6882,26,145,1,44),(6883,27,145,1,44),(6884,28,145,1,44),(6885,29,145,1,44),(6886,30,145,2,44),(6887,31,145,3,45),(6888,32,145,2,45),(6889,33,145,3,45),(6890,34,145,1,45),(6891,35,145,3,45),(6892,36,145,3,45),(6893,37,145,3,46),(6894,38,145,2,46),(6895,39,145,2,46),(6896,40,145,2,46),(6897,41,145,2,46),(6898,42,145,2,46),(6899,43,145,3,47),(6900,44,145,2,47),(6901,45,145,2,47),(6902,46,145,2,47),(6903,47,145,2,48),(6904,48,145,3,48),(6905,49,145,3,49),(6906,50,145,2,49),(6907,51,145,2,49),(6908,52,145,2,50),(6909,53,145,2,50),(6910,54,145,2,50),(6911,55,145,2,51),(6912,56,145,3,51),(6913,57,145,1,52),(6914,58,145,2,52),(6915,59,145,3,53),(6916,60,145,3,53),(6917,61,145,2,53),(6918,62,145,2,54),(6919,63,145,2,54),(6920,64,145,2,54),(6921,65,145,1,55),(6922,66,145,2,55),(6923,67,145,2,55),(6924,68,145,2,56),(6925,69,145,2,56),(6926,70,145,2,56),(6927,71,145,2,56),(6928,72,145,2,56),(6929,73,145,2,57),(6930,74,145,2,57),(6931,75,145,2,57),(6932,76,145,3,57),(6933,77,145,1,57),(6934,78,145,3,58),(6935,79,145,2,58),(6936,80,145,2,58),(6937,81,145,2,58),(6938,82,145,2,58),(6939,83,145,1,59),(6940,84,145,2,59),(6941,85,145,2,59),(6942,86,145,2,59),(6943,87,145,2,59),(6944,88,145,2,59),(6945,89,145,2,59),(6946,90,145,2,59),(6947,91,145,3,59),(6948,92,145,3,60),(6949,93,145,3,60),(6950,94,145,3,61),(6951,95,145,3,61),(6952,96,145,3,62),(6953,97,145,2,62),(6954,98,145,2,63),(6955,99,145,2,63),(6956,100,145,2,63),(6957,1,146,1,1),(6958,2,146,1,1),(6959,3,146,1,1),(6960,4,146,1,1),(6961,5,146,1,1),(6962,6,146,1,1),(6963,7,146,3,1),(6964,8,146,2,1),(6965,9,146,3,1),(6966,10,146,1,1),(6967,11,146,3,1),(6968,12,146,2,1),(6969,13,146,2,1),(6970,14,146,2,1),(6971,15,146,2,1),(6972,16,146,1,2),(6973,17,146,1,2),(6974,18,146,1,2),(6975,19,146,1,2),(6976,20,146,2,2),(6977,21,146,2,2),(6978,22,146,2,2),(6979,23,146,1,2),(6980,24,146,1,2),(6981,25,146,2,2),(6982,26,146,2,2),(6983,27,146,1,2),(6984,28,146,1,2),(6985,29,146,2,2),(6986,30,146,1,2),(6987,31,146,3,3),(6988,32,146,3,3),(6989,33,146,3,3),(6990,34,146,1,3),(6991,35,146,3,3),(6992,36,146,2,3),(6993,37,146,3,4),(6994,38,146,1,4),(6995,39,146,3,4),(6996,40,146,3,4),(6997,41,146,2,4),(6998,42,146,1,4),(6999,43,146,3,5),(7000,44,146,3,5),(7001,45,146,1,5),(7002,46,146,1,5),(7003,47,146,3,5),(7004,48,146,3,5),(7005,49,146,2,6),(7006,50,146,3,6),(7007,51,146,3,6),(7008,52,146,3,6),(7009,53,146,3,6),(7010,54,146,1,7),(7011,55,146,2,7),(7012,56,146,2,7),(7013,57,146,1,8),(7014,58,146,1,8),(7015,59,146,2,8),(7016,60,146,1,9),(7017,61,146,3,9),(7018,62,146,2,10),(7019,63,146,2,10),(7020,64,146,2,11),(7021,65,146,1,11),(7022,66,146,1,12),(7023,67,146,1,13),(7024,68,146,2,13),(7025,69,146,1,14),(7026,70,146,2,14),(7027,71,146,2,15),(7028,72,146,3,15),(7029,73,146,3,16),(7030,74,146,1,16),(7031,75,146,1,17),(7032,76,146,2,17),(7033,77,146,1,18),(7034,78,146,3,18),(7035,79,146,2,18),(7036,80,146,3,18),(7037,81,146,3,18),(7038,82,146,3,18),(7039,83,146,3,18),(7040,84,146,3,18),(7041,85,146,3,19),(7042,86,146,3,19),(7043,87,146,3,19),(7044,88,146,3,19),(7045,89,146,3,19),(7046,90,146,3,19),(7047,91,146,3,19),(7048,92,146,3,19),(7049,93,146,2,20),(7050,94,146,2,20),(7051,95,146,2,20),(7052,96,146,2,20),(7053,97,146,2,20),(7054,98,146,3,21),(7055,99,146,2,21),(7056,100,146,2,21),(7057,1,147,1,1),(7058,2,147,2,1),(7059,3,147,1,1),(7060,4,147,1,1),(7061,5,147,1,1),(7062,6,147,3,1),(7063,7,147,3,1),(7064,8,147,3,1),(7065,9,147,3,1),(7066,10,147,3,1),(7067,11,147,3,1),(7068,12,147,1,1),(7069,13,147,1,1),(7070,14,147,3,1),(7071,15,147,3,1),(7072,16,147,1,2),(7073,17,147,1,2),(7074,18,147,1,2),(7075,19,147,3,2),(7076,20,147,1,2),(7077,21,147,1,2),(7078,22,147,1,2),(7079,23,147,2,2),(7080,24,147,3,2),(7081,25,147,1,2),(7082,26,147,3,2),(7083,27,147,2,2),(7084,28,147,1,2),(7085,29,147,3,2),(7086,30,147,3,2),(7087,31,147,1,3),(7088,32,147,1,3),(7089,33,147,3,3),(7090,34,147,3,3),(7091,35,147,3,3),(7092,36,147,3,3),(7093,37,147,3,4),(7094,38,147,3,4),(7095,39,147,3,4),(7096,40,147,3,4),(7097,41,147,2,4),(7098,42,147,1,4),(7099,43,147,3,5),(7100,44,147,2,5),(7101,45,147,3,5),(7102,46,147,1,5),(7103,47,147,3,5),(7104,48,147,3,5),(7105,49,147,3,6),(7106,50,147,3,6),(7107,51,147,3,6),(7108,52,147,3,6),(7109,53,147,3,6),(7110,54,147,3,7),(7111,55,147,3,7),(7112,56,147,1,7),(7113,57,147,1,8),(7114,58,147,1,8),(7115,59,147,3,8),(7116,60,147,3,9),(7117,61,147,3,9),(7118,62,147,3,10),(7119,63,147,1,10),(7120,64,147,2,11),(7121,65,147,1,11),(7122,66,147,3,12),(7123,67,147,3,13),(7124,68,147,3,13),(7125,69,147,3,14),(7126,70,147,3,14),(7127,71,147,3,15),(7128,72,147,3,15),(7129,73,147,3,16),(7130,74,147,1,16),(7131,75,147,2,17),(7132,76,147,3,17),(7133,77,147,3,18),(7134,78,147,3,18),(7135,79,147,3,18),(7136,80,147,3,18),(7137,81,147,3,18),(7138,82,147,3,18),(7139,83,147,3,18),(7140,84,147,3,18),(7141,85,147,3,19),(7142,86,147,3,19),(7143,87,147,3,19),(7144,88,147,3,19),(7145,89,147,3,19),(7146,90,147,3,19),(7147,91,147,3,19),(7148,92,147,3,19),(7149,93,147,1,20),(7150,94,147,3,20),(7151,95,147,3,20),(7152,96,147,3,20),(7153,97,147,3,20),(7154,98,147,3,21),(7155,99,147,2,21),(7156,100,147,1,21),(7157,1,148,1,1),(7158,2,148,2,1),(7159,3,148,3,1),(7160,4,148,2,1),(7161,5,148,1,1),(7162,6,148,1,1),(7163,7,148,1,1),(7164,8,148,1,1),(7165,9,148,3,1),(7166,10,148,3,1),(7167,11,148,3,1),(7168,12,148,1,1),(7169,13,148,1,1),(7170,14,148,1,1),(7171,15,148,3,1),(7172,16,148,1,2),(7173,17,148,2,2),(7174,18,148,2,2),(7175,19,148,3,2),(7176,20,148,1,2),(7177,21,148,2,2),(7178,22,148,3,2),(7179,23,148,2,2),(7180,24,148,2,2),(7181,25,148,3,2),(7182,26,148,2,2),(7183,27,148,2,2),(7184,28,148,1,2),(7185,29,148,3,2),(7186,30,148,2,2),(7187,31,148,2,3),(7188,32,148,3,3),(7189,33,148,3,3),(7190,34,148,2,3),(7191,35,148,3,3),(7192,36,148,2,3),(7193,37,148,3,4),(7194,38,148,1,4),(7195,39,148,1,4),(7196,40,148,3,4),(7197,41,148,2,4),(7198,42,148,2,4),(7199,43,148,3,5),(7200,44,148,1,5),(7201,45,148,1,5),(7202,46,148,1,5),(7203,47,148,3,5),(7204,48,148,1,5),(7205,49,148,1,6),(7206,50,148,2,6),(7207,51,148,1,6),(7208,52,148,1,6),(7209,53,148,1,6),(7210,54,148,3,7),(7211,55,148,3,7),(7212,56,148,1,7),(7213,57,148,2,8),(7214,58,148,2,8),(7215,59,148,1,8),(7216,60,148,2,9),(7217,61,148,3,9),(7218,62,148,2,10),(7219,63,148,2,10),(7220,64,148,1,11),(7221,65,148,2,11),(7222,66,148,3,12),(7223,67,148,2,13),(7224,68,148,2,13),(7225,69,148,2,14),(7226,70,148,2,14),(7227,71,148,3,15),(7228,72,148,2,15),(7229,73,148,2,16),(7230,74,148,2,16),(7231,75,148,3,17),(7232,76,148,3,17),(7233,77,148,1,18),(7234,78,148,2,18),(7235,79,148,3,18),(7236,80,148,3,18),(7237,81,148,3,18),(7238,82,148,3,18),(7239,83,148,3,18),(7240,84,148,1,18),(7241,85,148,2,19),(7242,86,148,3,19),(7243,87,148,3,19),(7244,88,148,1,19),(7245,89,148,3,19),(7246,90,148,1,19),(7247,91,148,3,19),(7248,92,148,3,19),(7249,93,148,1,20),(7250,94,148,2,20),(7251,95,148,1,20),(7252,96,148,3,20),(7253,97,148,3,20),(7254,98,148,1,21),(7255,99,148,3,21),(7256,100,148,1,21),(7257,1,149,1,64),(7258,2,149,1,64),(7259,3,149,2,64),(7260,4,149,1,64),(7261,5,149,1,64),(7262,6,149,3,64),(7263,7,149,1,64),(7264,8,149,2,64),(7265,9,149,2,64),(7266,10,149,2,64),(7267,11,149,1,64),(7268,12,149,1,64),(7269,13,149,3,64),(7270,14,149,3,64),(7271,15,149,3,64),(7272,16,149,1,65),(7273,17,149,1,65),(7274,18,149,2,65),(7275,19,149,3,65),(7276,20,149,1,65),(7277,21,149,2,65),(7278,22,149,3,65),(7279,23,149,3,65),(7280,24,149,3,65),(7281,25,149,3,65),(7282,26,149,3,65),(7283,27,149,3,65),(7284,28,149,3,65),(7285,29,149,3,65),(7286,30,149,3,65),(7287,31,149,3,66),(7288,32,149,3,66),(7289,33,149,3,67),(7290,34,149,3,67),(7291,35,149,3,68),(7292,36,149,3,69),(7293,37,149,3,70),(7294,38,149,3,70),(7295,39,149,3,70),(7296,40,149,3,70),(7297,41,149,3,70),(7298,42,149,3,70),(7299,43,149,3,70),(7300,44,149,3,71),(7301,45,149,3,71),(7302,46,149,3,71),(7303,47,149,3,71),(7304,48,149,3,71),(7305,49,149,2,71),(7306,50,149,2,71),(7307,51,149,1,72),(7308,52,149,2,72),(7309,53,149,1,72),(7310,54,149,2,72),(7311,55,149,1,72),(7312,56,149,2,72),(7313,57,149,2,72),(7314,58,149,2,73),(7315,59,149,2,73),(7316,60,149,2,73),(7317,61,149,2,73),(7318,62,149,2,74),(7319,63,149,2,74),(7320,64,149,2,74),(7321,65,149,2,74),(7322,66,149,2,75),(7323,67,149,1,75),(7324,68,149,2,75),(7325,69,149,2,75),(7326,70,149,1,76),(7327,71,149,3,76),(7328,72,149,3,76),(7329,73,149,2,76),(7330,74,149,2,77),(7331,75,149,3,77),(7332,76,149,1,77),(7333,77,149,2,77),(7334,78,149,2,77),(7335,79,149,2,78),(7336,80,149,1,78),(7337,81,149,2,78),(7338,82,149,2,78),(7339,83,149,2,78),(7340,84,149,2,79),(7341,85,149,2,79),(7342,86,149,1,79),(7343,87,149,2,79),(7344,88,149,2,80),(7345,89,149,2,80),(7346,90,149,3,80),(7347,91,149,2,80),(7348,92,149,2,81),(7349,93,149,3,81),(7350,94,149,3,82),(7351,95,149,3,82),(7352,96,149,2,83),(7353,97,149,3,83),(7354,98,149,2,84),(7355,99,149,1,84),(7356,100,149,2,84),(7357,1,150,1,43),(7358,2,150,2,43),(7359,3,150,3,43),(7360,4,150,1,43),(7361,5,150,3,43),(7362,6,150,2,43),(7363,7,150,3,43),(7364,8,150,3,43),(7365,9,150,3,43),(7366,10,150,2,43),(7367,11,150,1,43),(7368,12,150,1,43),(7369,13,150,2,43),(7370,14,150,3,43),(7371,15,150,3,43),(7372,16,150,3,44),(7373,17,150,1,44),(7374,18,150,1,44),(7375,19,150,2,44),(7376,20,150,1,44),(7377,21,150,2,44),(7378,22,150,1,44),(7379,23,150,1,44),(7380,24,150,2,44),(7381,25,150,2,44),(7382,26,150,2,44),(7383,27,150,1,44),(7384,28,150,1,44),(7385,29,150,2,44),(7386,30,150,2,44),(7387,31,150,2,45),(7388,32,150,2,45),(7389,33,150,3,45),(7390,34,150,1,45),(7391,35,150,2,45),(7392,36,150,3,45),(7393,37,150,2,46),(7394,38,150,2,46),(7395,39,150,2,46),(7396,40,150,2,46),(7397,41,150,2,46),(7398,42,150,3,46),(7399,43,150,3,47),(7400,44,150,2,47),(7401,45,150,2,47),(7402,46,150,2,47),(7403,47,150,2,48),(7404,48,150,2,48),(7405,49,150,2,49),(7406,50,150,1,49),(7407,51,150,2,49),(7408,52,150,2,50),(7409,53,150,3,50),(7410,54,150,3,50),(7411,55,150,2,51),(7412,56,150,3,51),(7413,57,150,1,52),(7414,58,150,1,52),(7415,59,150,3,53),(7416,60,150,2,53),(7417,61,150,1,53),(7418,62,150,2,54),(7419,63,150,2,54),(7420,64,150,2,54),(7421,65,150,3,55),(7422,66,150,2,55),(7423,67,150,2,55),(7424,68,150,2,56),(7425,69,150,2,56),(7426,70,150,2,56),(7427,71,150,2,56),(7428,72,150,2,56),(7429,73,150,2,57),(7430,74,150,2,57),(7431,75,150,2,57),(7432,76,150,1,57),(7433,77,150,3,57),(7434,78,150,3,58),(7435,79,150,2,58),(7436,80,150,2,58),(7437,81,150,2,58),(7438,82,150,3,58),(7439,83,150,1,59),(7440,84,150,2,59),(7441,85,150,2,59),(7442,86,150,2,59),(7443,87,150,2,59),(7444,88,150,2,59),(7445,89,150,1,59),(7446,90,150,2,59),(7447,91,150,2,59),(7448,92,150,3,60),(7449,93,150,2,60),(7450,94,150,3,61),(7451,95,150,3,61),(7452,96,150,2,62),(7453,97,150,2,62),(7454,98,150,2,63),(7455,99,150,2,63),(7456,100,150,2,63),(7457,1,151,1,1),(7458,2,151,1,1),(7459,3,151,3,1),(7460,4,151,1,1),(7461,5,151,1,1),(7462,6,151,3,1),(7463,7,151,3,1),(7464,8,151,2,1),(7465,9,151,3,1),(7466,10,151,2,1),(7467,11,151,1,1),(7468,12,151,2,1),(7469,13,151,1,1),(7470,14,151,3,1),(7471,15,151,3,1),(7472,16,151,1,2),(7473,17,151,1,2),(7474,18,151,1,2),(7475,19,151,1,2),(7476,20,151,1,2),(7477,21,151,2,2),(7478,22,151,1,2),(7479,23,151,1,2),(7480,24,151,3,2),(7481,25,151,2,2),(7482,26,151,1,2),(7483,27,151,1,2),(7484,28,151,1,2),(7485,29,151,1,2),(7486,30,151,1,2),(7487,31,151,3,3),(7488,32,151,3,3),(7489,33,151,3,3),(7490,34,151,3,3),(7491,35,151,2,3),(7492,36,151,2,3),(7493,37,151,3,4),(7494,38,151,1,4),(7495,39,151,3,4),(7496,40,151,3,4),(7497,41,151,2,4),(7498,42,151,2,4),(7499,43,151,1,5),(7500,44,151,1,5),(7501,45,151,1,5),(7502,46,151,1,5),(7503,47,151,3,5),(7504,48,151,1,5),(7505,49,151,3,6),(7506,50,151,3,6),(7507,51,151,3,6),(7508,52,151,3,6),(7509,53,151,1,6),(7510,54,151,1,7),(7511,55,151,3,7),(7512,56,151,2,7),(7513,57,151,2,8),(7514,58,151,2,8),(7515,59,151,2,8),(7516,60,151,3,9),(7517,61,151,3,9),(7518,62,151,2,10),(7519,63,151,1,10),(7520,64,151,1,11),(7521,65,151,1,11),(7522,66,151,2,12),(7523,67,151,3,13),(7524,68,151,3,13),(7525,69,151,1,14),(7526,70,151,2,14),(7527,71,151,2,15),(7528,72,151,3,15),(7529,73,151,2,16),(7530,74,151,2,16),(7531,75,151,1,17),(7532,76,151,1,17),(7533,77,151,3,18),(7534,78,151,3,18),(7535,79,151,3,18),(7536,80,151,2,18),(7537,81,151,3,18),(7538,82,151,3,18),(7539,83,151,3,18),(7540,84,151,1,18),(7541,85,151,3,19),(7542,86,151,3,19),(7543,87,151,3,19),(7544,88,151,3,19),(7545,89,151,3,19),(7546,90,151,1,19),(7547,91,151,3,19),(7548,92,151,3,19),(7549,93,151,1,20),(7550,94,151,3,20),(7551,95,151,2,20),(7552,96,151,3,20),(7553,97,151,3,20),(7554,98,151,3,21),(7555,99,151,2,21),(7556,100,151,2,21),(7557,1,153,1,1),(7558,2,153,2,1),(7559,3,153,1,1),(7560,4,153,1,1),(7561,5,153,1,1),(7562,6,153,1,1),(7563,7,153,1,1),(7564,8,153,2,1),(7565,9,153,3,1),(7566,10,153,1,1),(7567,11,153,1,1),(7568,12,153,1,1),(7569,13,153,1,1),(7570,14,153,1,1),(7571,15,153,2,1),(7572,16,153,1,2),(7573,17,153,1,2),(7574,18,153,1,2),(7575,19,153,2,2),(7576,20,153,1,2),(7577,21,153,1,2),(7578,22,153,2,2),(7579,23,153,1,2),(7580,24,153,1,2),(7581,25,153,2,2),(7582,26,153,1,2),(7583,27,153,1,2),(7584,28,153,1,2),(7585,29,153,1,2),(7586,30,153,2,2),(7587,31,153,1,3),(7588,32,153,1,3),(7589,33,153,1,3),(7590,34,153,2,3),(7591,35,153,1,3),(7592,36,153,1,3),(7593,37,153,1,4),(7594,38,153,1,4),(7595,39,153,1,4),(7596,40,153,1,4),(7597,41,153,2,4),(7598,42,153,2,4),(7599,43,153,1,5),(7600,44,153,1,5),(7601,45,153,1,5),(7602,46,153,1,5),(7603,47,153,1,5),(7604,48,153,1,5),(7605,49,153,1,6),(7606,50,153,2,6),(7607,51,153,1,6),(7608,52,153,1,6),(7609,53,153,1,6),(7610,54,153,1,7),(7611,55,153,3,7),(7612,56,153,1,7),(7613,57,153,1,8),(7614,58,153,1,8),(7615,59,153,2,8),(7616,60,153,3,9),(7617,61,153,3,9),(7618,62,153,1,10),(7619,63,153,1,10),(7620,64,153,1,11),(7621,65,153,3,11),(7622,66,153,2,12),(7623,67,153,3,13),(7624,68,153,3,13),(7625,69,153,1,14),(7626,70,153,2,14),(7627,71,153,1,15),(7628,72,153,3,15),(7629,73,153,1,16),(7630,74,153,2,16),(7631,75,153,1,17),(7632,76,153,2,17),(7633,77,153,1,18),(7634,78,153,1,18),(7635,79,153,3,18),(7636,80,153,1,18),(7637,81,153,1,18),(7638,82,153,1,18),(7639,83,153,3,18),(7640,84,153,1,18),(7641,85,153,1,19),(7642,86,153,3,19),(7643,87,153,3,19),(7644,88,153,2,19),(7645,89,153,1,19),(7646,90,153,1,19),(7647,91,153,3,19),(7648,92,153,3,19),(7649,93,153,1,20),(7650,94,153,3,20),(7651,95,153,2,20),(7652,96,153,3,20),(7653,97,153,1,20),(7654,98,153,3,21),(7655,99,153,1,21),(7656,100,153,1,21),(7657,1,164,1,64),(7658,2,164,2,64),(7659,3,164,1,64),(7660,4,164,1,64),(7661,5,164,1,64),(7662,6,164,3,64),(7663,7,164,1,64),(7664,8,164,3,64),(7665,9,164,3,64),(7666,10,164,2,64),(7667,11,164,1,64),(7668,12,164,2,64),(7669,13,164,1,64),(7670,14,164,1,64),(7671,15,164,3,64),(7672,16,164,1,65),(7673,17,164,1,65),(7674,18,164,1,65),(7675,19,164,1,65),(7676,20,164,1,65),(7677,21,164,3,65),(7678,22,164,2,65),(7679,23,164,2,65),(7680,24,164,2,65),(7681,25,164,2,65),(7682,26,164,1,65),(7683,27,164,1,65),(7684,28,164,1,65),(7685,29,164,2,65),(7686,30,164,3,65),(7687,31,164,2,66),(7688,32,164,3,66),(7689,33,164,2,67),(7690,34,164,2,67),(7691,35,164,3,68),(7692,36,164,2,69),(7693,37,164,3,70),(7694,38,164,1,70),(7695,39,164,3,70),(7696,40,164,3,70),(7697,41,164,2,70),(7698,42,164,2,70),(7699,43,164,2,70),(7700,44,164,2,71),(7701,45,164,2,71),(7702,46,164,3,71),(7703,47,164,3,71),(7704,48,164,3,71),(7705,49,164,2,71),(7706,50,164,2,71),(7707,51,164,1,72),(7708,52,164,2,72),(7709,53,164,1,72),(7710,54,164,2,72),(7711,55,164,1,72),(7712,56,164,2,72),(7713,57,164,3,72),(7714,58,164,3,73),(7715,59,164,1,73),(7716,60,164,1,73),(7717,61,164,2,73),(7718,62,164,3,74),(7719,63,164,3,74),(7720,64,164,2,74),(7721,65,164,1,74),(7722,66,164,3,75),(7723,67,164,2,75),(7724,68,164,2,75),(7725,69,164,2,75),(7726,70,164,2,76),(7727,71,164,2,76),(7728,72,164,3,76),(7729,73,164,2,76),(7730,74,164,2,77),(7731,75,164,2,77),(7732,76,164,2,77),(7733,77,164,2,77),(7734,78,164,2,77),(7735,79,164,3,78),(7736,80,164,2,78),(7737,81,164,2,78),(7738,82,164,2,78),(7739,83,164,2,78),(7740,84,164,2,79),(7741,85,164,2,79),(7742,86,164,2,79),(7743,87,164,2,79),(7744,88,164,2,80),(7745,89,164,2,80),(7746,90,164,2,80),(7747,91,164,2,80),(7748,92,164,3,81),(7749,93,164,3,81),(7750,94,164,3,82),(7751,95,164,3,82),(7752,96,164,3,83),(7753,97,164,2,83),(7754,98,164,2,84),(7755,99,164,2,84),(7756,100,164,2,84),(7757,1,165,1,1),(7758,2,165,3,1),(7759,3,165,1,1),(7760,4,165,1,1),(7761,5,165,1,1),(7762,6,165,1,1),(7763,7,165,1,1),(7764,8,165,2,1),(7765,9,165,3,1),(7766,10,165,2,1),(7767,11,165,2,1),(7768,12,165,1,1),(7769,13,165,2,1),(7770,14,165,1,1),(7771,15,165,2,1),(7772,16,165,1,2),(7773,17,165,2,2),(7774,18,165,1,2),(7775,19,165,2,2),(7776,20,165,2,2),(7777,21,165,2,2),(7778,22,165,2,2),(7779,23,165,2,2),(7780,24,165,2,2),(7781,25,165,1,2),(7782,26,165,1,2),(7783,27,165,1,2),(7784,28,165,1,2),(7785,29,165,1,2),(7786,30,165,2,2),(7787,31,165,1,3),(7788,32,165,2,3),(7789,33,165,3,3),(7790,34,165,2,3),(7791,35,165,1,3),(7792,36,165,2,3),(7793,37,165,1,4),(7794,38,165,1,4),(7795,39,165,3,4),(7796,40,165,3,4),(7797,41,165,2,4),(7798,42,165,2,4),(7799,43,165,1,5),(7800,44,165,1,5),(7801,45,165,1,5),(7802,46,165,1,5),(7803,47,165,1,5),(7804,48,165,1,5),(7805,49,165,1,6),(7806,50,165,2,6),(7807,51,165,2,6),(7808,52,165,3,6),(7809,53,165,2,6),(7810,54,165,1,7),(7811,55,165,2,7),(7812,56,165,3,7),(7813,57,165,1,8),(7814,58,165,1,8),(7815,59,165,3,8),(7816,60,165,1,9),(7817,61,165,3,9),(7818,62,165,2,10),(7819,63,165,1,10),(7820,64,165,1,11),(7821,65,165,3,11),(7822,66,165,1,12),(7823,67,165,3,13),(7824,68,165,2,13),(7825,69,165,1,14),(7826,70,165,2,14),(7827,71,165,3,15),(7828,72,165,1,15),(7829,73,165,2,16),(7830,74,165,2,16),(7831,75,165,3,17),(7832,76,165,1,17),(7833,77,165,1,18),(7834,78,165,2,18),(7835,79,165,2,18),(7836,80,165,3,18),(7837,81,165,1,18),(7838,82,165,3,18),(7839,83,165,2,18),(7840,84,165,1,18),(7841,85,165,2,19),(7842,86,165,2,19),(7843,87,165,3,19),(7844,88,165,1,19),(7845,89,165,3,19),(7846,90,165,2,19),(7847,91,165,3,19),(7848,92,165,2,19),(7849,93,165,1,20),(7850,94,165,1,20),(7851,95,165,1,20),(7852,96,165,3,20),(7853,97,165,1,20),(7854,98,165,2,21),(7855,99,165,1,21),(7856,100,165,1,21),(7857,1,166,1,1),(7858,2,166,2,1),(7859,3,166,1,1),(7860,4,166,1,1),(7861,5,166,3,1),(7862,6,166,1,1),(7863,7,166,3,1),(7864,8,166,1,1),(7865,9,166,1,1),(7866,10,166,1,1),(7867,11,166,1,1),(7868,12,166,1,1),(7869,13,166,1,1),(7870,14,166,1,1),(7871,15,166,3,1),(7872,16,166,3,2),(7873,17,166,2,2),(7874,18,166,1,2),(7875,19,166,1,2),(7876,20,166,1,2),(7877,21,166,2,2),(7878,22,166,2,2),(7879,23,166,2,2),(7880,24,166,3,2),(7881,25,166,1,2),(7882,26,166,2,2),(7883,27,166,1,2),(7884,28,166,1,2),(7885,29,166,1,2),(7886,30,166,2,2),(7887,31,166,1,3),(7888,32,166,1,3),(7889,33,166,2,3),(7890,34,166,2,3),(7891,35,166,3,3),(7892,36,166,3,3),(7893,37,166,1,4),(7894,38,166,1,4),(7895,39,166,3,4),(7896,40,166,3,4),(7897,41,166,2,4),(7898,42,166,1,4),(7899,43,166,1,5),(7900,44,166,1,5),(7901,45,166,1,5),(7902,46,166,1,5),(7903,47,166,3,5),(7904,48,166,1,5),(7905,49,166,3,6),(7906,50,166,3,6),(7907,51,166,1,6),(7908,52,166,1,6),(7909,53,166,1,6),(7910,54,166,2,7),(7911,55,166,1,7),(7912,56,166,1,7),(7913,57,166,1,8),(7914,58,166,1,8),(7915,59,166,1,8),(7916,60,166,1,9),(7917,61,166,3,9),(7918,62,166,3,10),(7919,63,166,1,10),(7920,64,166,1,11),(7921,65,166,1,11),(7922,66,166,1,12),(7923,67,166,3,13),(7924,68,166,3,13),(7925,69,166,1,14),(7926,70,166,2,14),(7927,71,166,2,15),(7928,72,166,3,15),(7929,73,166,1,16),(7930,74,166,2,16),(7931,75,166,2,17),(7932,76,166,3,17),(7933,77,166,1,18),(7934,78,166,1,18),(7935,79,166,3,18),(7936,80,166,1,18),(7937,81,166,3,18),(7938,82,166,3,18),(7939,83,166,3,18),(7940,84,166,1,18),(7941,85,166,1,19),(7942,86,166,1,19),(7943,87,166,2,19),(7944,88,166,1,19),(7945,89,166,3,19),(7946,90,166,1,19),(7947,91,166,3,19),(7948,92,166,3,19),(7949,93,166,1,20),(7950,94,166,3,20),(7951,95,166,2,20),(7952,96,166,3,20),(7953,97,166,3,20),(7954,98,166,3,21),(7955,99,166,1,21),(7956,100,166,2,21),(7957,1,167,1,22),(7958,2,167,2,22),(7959,3,167,2,22),(7960,4,167,2,22),(7961,5,167,1,22),(7962,6,167,1,22),(7963,7,167,3,22),(7964,8,167,1,22),(7965,9,167,3,22),(7966,10,167,2,22),(7967,11,167,1,22),(7968,12,167,1,22),(7969,13,167,2,22),(7970,14,167,1,22),(7971,15,167,3,22),(7972,16,167,1,23),(7973,17,167,1,23),(7974,18,167,1,23),(7975,19,167,1,23),(7976,20,167,1,23),(7977,21,167,2,23),(7978,22,167,2,23),(7979,23,167,2,23),(7980,24,167,2,23),(7981,25,167,2,23),(7982,26,167,1,23),(7983,27,167,1,23),(7984,28,167,1,23),(7985,29,167,2,23),(7986,30,167,2,23),(7987,31,167,2,24),(7988,32,167,3,24),(7989,33,167,2,24),(7990,34,167,2,25),(7991,35,167,2,25),(7992,36,167,2,25),(7993,37,167,2,26),(7994,38,167,2,26),(7995,39,167,3,27),(7996,40,167,2,27),(7997,41,167,3,28),(7998,42,167,2,28),(7999,43,167,2,28),(8000,44,167,2,29),(8001,45,167,2,29),(8002,46,167,2,29),(8003,47,167,3,30),(8004,48,167,3,30),(8005,49,167,1,31),(8006,50,167,2,31),(8007,51,167,2,31),(8008,52,167,1,31),(8009,53,167,2,32),(8010,54,167,2,32),(8011,55,167,3,32),(8012,56,167,3,32),(8013,57,167,2,33),(8014,58,167,3,33),(8015,59,167,2,34),(8016,60,167,2,34),(8017,61,167,2,34),(8018,62,167,2,34),(8019,63,167,2,35),(8020,64,167,2,35),(8021,65,167,2,35),(8022,66,167,2,36),(8023,67,167,2,36),(8024,68,167,2,36),(8025,69,167,2,37),(8026,70,167,2,37),(8027,71,167,2,37),(8028,72,167,2,38),(8029,73,167,2,38),(8030,74,167,3,39),(8031,75,167,3,39),(8032,76,167,2,40),(8033,77,167,1,40),(8034,78,167,1,40),(8035,79,167,1,40),(8036,80,167,3,40),(8037,81,167,3,40),(8038,82,167,2,40),(8039,83,167,3,40),(8040,84,167,2,40),(8041,85,167,2,41),(8042,86,167,2,41),(8043,87,167,2,41),(8044,88,167,2,41),(8045,89,167,2,41),(8046,90,167,2,41),(8047,91,167,2,41),(8048,92,167,1,41),(8049,93,167,2,41),(8050,94,167,2,41),(8051,95,167,3,41),(8052,96,167,1,41),(8053,97,167,2,41),(8054,98,167,2,42),(8055,99,167,1,42),(8056,100,167,1,42);
/*!40000 ALTER TABLE `questions` ENABLE KEYS */;
UNLOCK TABLES;

--
-- Table structure for table `ranks`
--

DROP TABLE IF EXISTS `ranks`;
/*!40101 SET @saved_cs_client     = @@character_set_client */;
/*!40101 SET character_set_client = utf8 */;
CREATE TABLE `ranks` (
  `id` mediumint(9) NOT NULL AUTO_INCREMENT,
  `minimum` tinyint(4) NOT NULL DEFAULT '50',
  `recommended` tinyint(4) NOT NULL DEFAULT '70',
  `areas_id` tinyint(4) NOT NULL,
  `courses_id` int(11) NOT NULL,
  `process_id` tinyint(4) NOT NULL,
  PRIMARY KEY (`id`),
  KEY `fk_ranks_areas1_idx` (`areas_id`),
  KEY `fk_ranks_courses1_idx` (`courses_id`),
  KEY `fk_ranks_process1_idx` (`process_id`),
  CONSTRAINT `fk_ranks_areas1` FOREIGN KEY (`areas_id`) REFERENCES `areas` (`id`) ON DELETE NO ACTION ON UPDATE NO ACTION,
  CONSTRAINT `fk_ranks_courses1` FOREIGN KEY (`courses_id`) REFERENCES `courses` (`id`) ON DELETE NO ACTION ON UPDATE NO ACTION,
  CONSTRAINT `fk_ranks_process1` FOREIGN KEY (`process_id`) REFERENCES `process` (`id`) ON DELETE NO ACTION ON UPDATE NO ACTION
) ENGINE=InnoDB AUTO_INCREMENT=111 DEFAULT CHARSET=utf8;
/*!40101 SET character_set_client = @saved_cs_client */;

--
-- Dumping data for table `ranks`
--

LOCK TABLES `ranks` WRITE;
/*!40000 ALTER TABLE `ranks` DISABLE KEYS */;
INSERT INTO `ranks` VALUES (1,51,66,1,1,1),(2,48,72,1,2,1),(3,65,75,1,3,1),(4,30,45,1,5,1),(5,60,90,1,4,1),(6,23,41,1,6,1),(7,60,70,2,1,1),(8,50,70,2,2,1),(9,30,40,2,3,1),(10,50,70,2,7,1),(11,50,70,2,8,1),(12,50,70,1,7,1),(13,50,70,1,8,1),(14,50,70,1,9,1),(15,50,70,1,10,1),(16,50,70,1,11,1),(17,50,70,1,12,1),(18,50,70,1,13,1),(19,50,70,1,14,1),(20,50,70,1,15,1),(21,50,70,1,16,1),(22,50,70,1,17,1),(23,50,70,1,18,1),(24,50,70,1,19,1),(25,50,70,1,21,1),(26,50,70,1,20,1),(27,50,70,1,1,4),(28,50,70,1,2,4),(29,50,70,1,3,4),(30,50,70,1,4,4),(31,50,70,1,5,4),(32,50,70,1,6,4),(33,50,70,1,7,4),(34,50,70,1,8,4),(35,50,70,1,9,4),(36,50,70,1,10,4),(37,50,70,1,11,4),(38,50,70,1,12,4),(39,50,70,1,13,4),(40,50,70,1,14,4),(41,50,70,1,15,4),(42,50,70,1,16,4),(43,50,70,1,17,4),(44,50,70,1,18,4),(45,50,70,1,19,4),(46,50,70,1,20,4),(47,50,70,1,21,4),(48,50,70,2,1,4),(49,50,70,2,2,4),(50,50,70,2,3,4),(51,50,70,2,4,4),(52,50,70,2,5,4),(53,50,70,2,6,4),(54,50,70,2,7,4),(55,50,70,2,8,4),(56,50,70,2,9,4),(57,50,70,2,10,4),(58,50,70,2,11,4),(59,50,70,2,12,4),(60,50,70,2,13,4),(61,50,70,2,14,4),(62,50,70,2,15,4),(63,50,70,2,16,4),(64,50,70,2,17,4),(65,50,70,2,18,4),(66,50,70,2,19,4),(67,50,70,2,20,4),(68,50,70,2,21,4),(69,50,70,4,1,4),(70,50,70,4,2,4),(71,50,70,4,3,4),(72,50,70,4,4,4),(73,50,70,4,5,4),(74,50,70,4,6,4),(75,50,70,4,7,4),(76,50,70,4,8,4),(77,50,70,4,9,4),(78,50,70,4,10,4),(79,50,70,4,11,4),(80,50,70,4,12,4),(81,50,70,4,13,4),(82,50,70,4,14,4),(83,50,70,4,15,4),(84,50,70,4,16,4),(85,50,70,4,17,4),(86,50,70,4,18,4),(87,50,70,4,19,4),(88,50,70,4,20,4),(89,50,70,4,21,4),(90,50,70,3,1,4),(91,50,70,3,2,4),(92,50,70,3,3,4),(93,50,70,3,4,4),(94,50,70,3,5,4),(95,50,70,3,6,4),(96,50,70,3,7,4),(97,50,70,3,8,4),(98,50,70,3,9,4),(99,50,70,3,10,4),(100,50,70,3,11,4),(101,50,70,3,12,4),(102,50,70,3,13,4),(103,50,70,3,14,4),(104,50,70,3,15,4),(105,50,70,3,16,4),(106,50,70,3,17,4),(107,50,70,3,18,4),(108,50,70,3,19,4),(109,50,70,3,20,4),(110,50,70,3,21,4);
/*!40000 ALTER TABLE `ranks` ENABLE KEYS */;
UNLOCK TABLES;
/*!50003 SET @saved_cs_client      = @@character_set_client */ ;
/*!50003 SET @saved_cs_results     = @@character_set_results */ ;
/*!50003 SET @saved_col_connection = @@collation_connection */ ;
/*!50003 SET character_set_client  = utf8 */ ;
/*!50003 SET character_set_results = utf8 */ ;
/*!50003 SET collation_connection  = utf8_general_ci */ ;
/*!50003 SET @saved_sql_mode       = @@sql_mode */ ;
/*!50003 SET sql_mode              = 'STRICT_TRANS_TABLES,STRICT_ALL_TABLES,NO_ZERO_IN_DATE,NO_ZERO_DATE,ALLOW_INVALID_DATES,ERROR_FOR_DIVISION_BY_ZERO,TRADITIONAL,NO_AUTO_CREATE_USER,NO_ENGINE_SUBSTITUTION' */ ;
DELIMITER ;;
/*!50003 CREATE*/ /*!50017 DEFINER=`root`@`localhost`*/ /*!50003 TRIGGER tgUpdateCoursesClasification AFTER UPDATE ON ranks FOR EACH ROW    
	BEGIN    
    
    IF ((old.minimum <> new.minimum) or ( old.recommended <> new.recommended)) THEN
        
        CALL spInsertOnHistoric(old.minimum, old.recommended, old.id);
		CALL spUpdateCourseClasification(old.courses_id);
        
    END IF;    
	
END */;;
DELIMITER ;
/*!50003 SET sql_mode              = @saved_sql_mode */ ;
/*!50003 SET character_set_client  = @saved_cs_client */ ;
/*!50003 SET character_set_results = @saved_cs_results */ ;
/*!50003 SET collation_connection  = @saved_col_connection */ ;

--
-- Table structure for table `responses`
--

DROP TABLE IF EXISTS `responses`;
/*!40101 SET @saved_cs_client     = @@character_set_client */;
/*!40101 SET character_set_client = utf8 */;
CREATE TABLE `responses` (
  `id` tinyint(4) NOT NULL AUTO_INCREMENT,
  `type` varchar(45) NOT NULL,
  PRIMARY KEY (`id`)
) ENGINE=InnoDB AUTO_INCREMENT=4 DEFAULT CHARSET=utf8;
/*!40101 SET character_set_client = @saved_cs_client */;

--
-- Dumping data for table `responses`
--

LOCK TABLES `responses` WRITE;
/*!40000 ALTER TABLE `responses` DISABLE KEYS */;
INSERT INTO `responses` VALUES (1,'Correcto'),(2,'Incorrecto'),(3,'En Blanco');
/*!40000 ALTER TABLE `responses` ENABLE KEYS */;
UNLOCK TABLES;

--
-- Table structure for table `status`
--

DROP TABLE IF EXISTS `status`;
/*!40101 SET @saved_cs_client     = @@character_set_client */;
/*!40101 SET character_set_client = utf8 */;
CREATE TABLE `status` (
  `id` tinyint(4) NOT NULL AUTO_INCREMENT,
  `name` varchar(55) NOT NULL,
  PRIMARY KEY (`id`)
) ENGINE=InnoDB AUTO_INCREMENT=4 DEFAULT CHARSET=utf8;
/*!40101 SET character_set_client = @saved_cs_client */;

--
-- Dumping data for table `status`
--

LOCK TABLES `status` WRITE;
/*!40000 ALTER TABLE `status` DISABLE KEYS */;
INSERT INTO `status` VALUES (1,'No requiere nivelacion'),(2,'Puede tomar nivelacion, pero no es obligatorio'),(3,'Requiere nivelacion obligatorio');
/*!40000 ALTER TABLE `status` ENABLE KEYS */;
UNLOCK TABLES;

--
-- Table structure for table `student_data`
--

DROP TABLE IF EXISTS `student_data`;
/*!40101 SET @saved_cs_client     = @@character_set_client */;
/*!40101 SET character_set_client = utf8 */;
CREATE TABLE `student_data` (
  `id` mediumint(9) NOT NULL AUTO_INCREMENT,
  `code` varchar(12) DEFAULT NULL,
  `omg` smallint(6) NOT NULL,
  `omp` smallint(6) NOT NULL,
  `students_id` smallint(6) NOT NULL,
  `programs_id` tinyint(4) NOT NULL,
  `process_id` tinyint(4) NOT NULL,
  `score` decimal(4,1) DEFAULT '0.0',
  `postulant_code` varchar(6) DEFAULT NULL,
  `good` tinyint(4) NOT NULL DEFAULT '0',
  `bad` tinyint(4) NOT NULL DEFAULT '0',
  `blank` tinyint(4) NOT NULL DEFAULT '0',
  PRIMARY KEY (`id`),
  KEY `fk_student_data_students1_idx` (`students_id`),
  KEY `fk_student_data_programs1_idx` (`programs_id`),
  KEY `fk_student_data_process1_idx` (`process_id`),
  CONSTRAINT `fk_student_data_process1` FOREIGN KEY (`process_id`) REFERENCES `process` (`id`) ON DELETE NO ACTION ON UPDATE NO ACTION,
  CONSTRAINT `fk_student_data_programs1` FOREIGN KEY (`programs_id`) REFERENCES `programs` (`id`) ON DELETE NO ACTION ON UPDATE NO ACTION,
  CONSTRAINT `fk_student_data_students1` FOREIGN KEY (`students_id`) REFERENCES `students` (`id`) ON DELETE NO ACTION ON UPDATE NO ACTION
) ENGINE=InnoDB AUTO_INCREMENT=168 DEFAULT CHARSET=utf8;
/*!40101 SET character_set_client = @saved_cs_client */;

--
-- Dumping data for table `student_data`
--

LOCK TABLES `student_data` WRITE;
/*!40000 ALTER TABLE `student_data` DISABLE KEYS */;
INSERT INTO `student_data` VALUES (1,'181.0001.001',5,3,1,2,1,125.0,'123456',5,36,10),(2,'181.0001.102',1,1,2,4,1,136.5,'654321',15,62,5),(3,'181.0001.003',2,22,3,4,1,159.0,'587412',12,32,6),(4,'181.0001.321',3,13,4,4,1,153.0,'369852',20,18,9),(5,'181.0001.205',4,15,5,3,1,157.5,'147852',12,19,15),(6,'181.0001.645',6,20,6,1,1,102.0,'325856',12,20,12),(7,'181.0001.007',7,12,7,2,1,320.0,'159357',20,15,10),(8,'181.0001.023',8,14,8,3,1,385.5,'157935',20,17,23),(9,'181.0001.069',9,11,9,5,1,139.0,'124312',23,19,21),(10,'181.0001.312',10,16,10,2,1,187.0,'123321',14,7,20),(11,'181.0123.148',11,30,11,4,1,296.5,'741147',18,16,10),(117,'201.3402.035',157,0,117,19,4,21.0,'720909',11,46,43),(118,'201.0306.026',239,0,118,7,4,106.5,'753349',30,27,43),(119,'201.0906.048',18,0,119,1,4,253.0,'754476',66,22,12),(120,'201.2904.024',249,0,120,24,4,29.5,'757558',12,37,51),(121,'201.1505.030',153,0,121,16,4,82.0,'727119',25,36,39),(122,'201.3503.027',174,0,122,12,4,139.0,'728732',38,26,36),(123,'201.0405.029',248,0,123,11,4,102.0,'748431',31,44,25),(124,'201.0906.049',75,0,124,1,4,192.5,'758767',49,7,44),(125,'201.0306.027',213,0,125,7,4,119.5,'725077',32,17,51),(126,'201.0506.038',123,0,126,14,4,164.5,'770694',44,23,33),(127,'201.2405.012',176,0,127,20,4,43.5,'746283',16,41,43),(128,'201.3602.027',136,0,128,10,4,158.0,'758004',44,36,20),(129,'201.3402.036',151,0,129,19,4,56.0,'753448',20,48,32),(130,'201.0306.028',228,0,130,7,4,112.0,'714036',31,24,45),(131,'201.0804.032',7,0,131,3,4,291.5,'615131',75,17,8),(132,'201.0206.026',249,0,132,13,4,101.5,'728596',33,61,6),(133,'201.1405.023',131,0,133,18,4,115.5,'713444',35,49,16),(134,'201.2904.025',220,0,134,24,4,75.5,'722230',27,65,8),(135,'201.3503.028',99,0,135,12,4,178.0,'728922',47,20,33),(136,'201.2503.026',196,0,136,2,4,128.0,'712972',36,32,32),(137,'201.0405.030',205,0,137,11,4,123.5,'751820',33,17,50),(138,'201.0105.023',236,0,138,8,4,108.0,'708205',31,32,37),(139,'201.3602.028',140,0,139,10,4,156.0,'742265',44,40,16),(140,'201.0206.027',227,0,140,13,4,112.5,'746588',32,31,37),(141,'201.0906.050',61,0,141,1,4,204.0,'758538',53,16,31),(142,'201.1306.030',152,0,142,15,4,96.0,'772732',29,40,31),(143,'201.3602.029',157,0,143,10,4,147.5,'727676',40,25,35),(144,'201.0206.028',224,0,144,13,4,113.5,'701115',31,21,48),(145,'201.1606.026',33,0,145,22,4,54.5,'484033',20,51,29),(146,'201.0306.029',228,0,146,7,4,112.0,'767762',32,32,36),(147,'201.0105.024',252,0,147,8,4,100.0,'717019',26,8,66),(148,'201.0506.039',228,0,148,14,4,112.0,'756841',32,32,36),(149,'201.1505.031',251,0,149,16,4,55.5,'732790',19,41,40),(150,'201.2904.026',196,0,150,24,4,47.0,'763294',19,58,23),(151,'201.2503.027',195,0,151,2,4,128.5,'476676',35,23,42),(153,'201.0906.047',21,0,153,1,4,251.0,'731256',65,18,17),(164,'201.1205.023',137,0,164,17,4,66.5,'744105',23,51,26),(165,'201.0606.023',119,0,165,9,4,166.5,'719202',46,35,19),(166,'201.3503.026',62,0,166,12,4,203.0,'711451',53,18,29),(167,'201.1106.016',75,0,167,4,4,66.5,'741231',24,59,17);
/*!40000 ALTER TABLE `student_data` ENABLE KEYS */;
UNLOCK TABLES;

--
-- Table structure for table `students`
--

DROP TABLE IF EXISTS `students`;
/*!40101 SET @saved_cs_client     = @@character_set_client */;
/*!40101 SET character_set_client = utf8 */;
CREATE TABLE `students` (
  `id` smallint(6) NOT NULL AUTO_INCREMENT,
  `people_id` smallint(6) NOT NULL,
  PRIMARY KEY (`id`),
  KEY `fk_students_people1_idx` (`people_id`),
  CONSTRAINT `fk_students_people1` FOREIGN KEY (`people_id`) REFERENCES `people` (`id`) ON DELETE NO ACTION ON UPDATE NO ACTION
) ENGINE=InnoDB AUTO_INCREMENT=168 DEFAULT CHARSET=utf8;
/*!40101 SET character_set_client = @saved_cs_client */;

--
-- Dumping data for table `students`
--

LOCK TABLES `students` WRITE;
/*!40000 ALTER TABLE `students` DISABLE KEYS */;
INSERT INTO `students` VALUES (1,1),(2,4),(3,5),(4,6),(5,7),(6,8),(7,9),(8,10),(9,11),(10,12),(11,14),(117,156),(118,157),(119,158),(120,159),(121,160),(122,161),(123,162),(124,163),(125,164),(126,165),(127,166),(128,167),(129,168),(130,169),(131,170),(132,171),(133,172),(134,173),(135,174),(136,175),(137,176),(138,177),(139,178),(140,179),(141,180),(142,181),(143,182),(144,183),(145,184),(146,185),(147,186),(148,187),(149,188),(150,189),(151,190),(153,192),(164,204),(165,205),(166,206),(167,207);
/*!40000 ALTER TABLE `students` ENABLE KEYS */;
UNLOCK TABLES;

--
-- Temporary view structure for view `studentsxstatus`
--

DROP TABLE IF EXISTS `studentsxstatus`;
/*!50001 DROP VIEW IF EXISTS `studentsxstatus`*/;
SET @saved_cs_client     = @@character_set_client;
SET character_set_client = utf8;
/*!50001 CREATE VIEW `studentsxstatus` AS SELECT 
 1 AS `students`,
 1 AS `status_id`,
 1 AS `status`,
 1 AS `process`*/;
SET character_set_client = @saved_cs_client;

--
-- Table structure for table `user_type`
--

DROP TABLE IF EXISTS `user_type`;
/*!40101 SET @saved_cs_client     = @@character_set_client */;
/*!40101 SET character_set_client = utf8 */;
CREATE TABLE `user_type` (
  `id` tinyint(4) NOT NULL AUTO_INCREMENT,
  `type` varchar(45) NOT NULL,
  PRIMARY KEY (`id`),
  UNIQUE KEY `type_UNIQUE` (`type`)
) ENGINE=InnoDB AUTO_INCREMENT=4 DEFAULT CHARSET=utf8;
/*!40101 SET character_set_client = @saved_cs_client */;

--
-- Dumping data for table `user_type`
--

LOCK TABLES `user_type` WRITE;
/*!40000 ALTER TABLE `user_type` DISABLE KEYS */;
INSERT INTO `user_type` VALUES (1,'Administrador'),(3,'Alumno'),(2,'Visor de Recursos');
/*!40000 ALTER TABLE `user_type` ENABLE KEYS */;
UNLOCK TABLES;

--
-- Table structure for table `users`
--

DROP TABLE IF EXISTS `users`;
/*!40101 SET @saved_cs_client     = @@character_set_client */;
/*!40101 SET character_set_client = utf8 */;
CREATE TABLE `users` (
  `id` tinyint(4) NOT NULL AUTO_INCREMENT,
  `username` varchar(45) NOT NULL,
  `password` varchar(45) NOT NULL,
  `user_type_id` tinyint(4) NOT NULL,
  `people_id` smallint(6) NOT NULL,
  PRIMARY KEY (`id`),
  KEY `fk_users_user_type_idx` (`user_type_id`),
  KEY `fk_users_people1_idx` (`people_id`),
  CONSTRAINT `fk_users_people1` FOREIGN KEY (`people_id`) REFERENCES `people` (`id`) ON DELETE NO ACTION ON UPDATE NO ACTION,
  CONSTRAINT `fk_users_user_type` FOREIGN KEY (`user_type_id`) REFERENCES `user_type` (`id`) ON DELETE NO ACTION ON UPDATE NO ACTION
) ENGINE=InnoDB AUTO_INCREMENT=5 DEFAULT CHARSET=utf8;
/*!40101 SET character_set_client = @saved_cs_client */;

--
-- Dumping data for table `users`
--

LOCK TABLES `users` WRITE;
/*!40000 ALTER TABLE `users` DISABLE KEYS */;
INSERT INTO `users` VALUES (1,'admin','d033e22ae348aeb5660fc2140aec35850c4da997',1,2),(2,'visor','b200f2b0dd538f7f21e8edf5e120dbf2c08c3f96',2,3),(3,'78963214','3f0eb8b3268f9d7848e6b7d3e7a9827e0568abeb',2,15),(4,'58685963','a19512b0a5fe4c9fd6e7597463abbc80d7234fdd',1,197);
/*!40000 ALTER TABLE `users` ENABLE KEYS */;
UNLOCK TABLES;

--
-- Temporary view structure for view `vcourses`
--

DROP TABLE IF EXISTS `vcourses`;
/*!50001 DROP VIEW IF EXISTS `vcourses`*/;
SET @saved_cs_client     = @@character_set_client;
SET character_set_client = utf8;
/*!50001 CREATE VIEW `vcourses` AS SELECT 
 1 AS `id`,
 1 AS `course`,
 1 AS `dimension`*/;
SET character_set_client = @saved_cs_client;

--
-- Temporary view structure for view `vnumberofquestions`
--

DROP TABLE IF EXISTS `vnumberofquestions`;
/*!50001 DROP VIEW IF EXISTS `vnumberofquestions`*/;
SET @saved_cs_client     = @@character_set_client;
SET character_set_client = utf8;
/*!50001 CREATE VIEW `vnumberofquestions` AS SELECT 
 1 AS `id`,
 1 AS `area`,
 1 AS `course`,
 1 AS `questions`*/;
SET character_set_client = @saved_cs_client;

--
-- Temporary view structure for view `vranks`
--

DROP TABLE IF EXISTS `vranks`;
/*!50001 DROP VIEW IF EXISTS `vranks`*/;
SET @saved_cs_client     = @@character_set_client;
SET character_set_client = utf8;
/*!50001 CREATE VIEW `vranks` AS SELECT 
 1 AS `id`,
 1 AS `courseid`,
 1 AS `areaid`,
 1 AS `processid`,
 1 AS `course`,
 1 AS `area`,
 1 AS `process`,
 1 AS `minimum`,
 1 AS `recommended`*/;
SET character_set_client = @saved_cs_client;

--
-- Temporary view structure for view `vstudents`
--

DROP TABLE IF EXISTS `vstudents`;
/*!50001 DROP VIEW IF EXISTS `vstudents`*/;
SET @saved_cs_client     = @@character_set_client;
SET character_set_client = utf8;
/*!50001 CREATE VIEW `vstudents` AS SELECT 
 1 AS `id`,
 1 AS `code`,
 1 AS `postulant_code`,
 1 AS `dni`,
 1 AS `omg`,
 1 AS `omp`,
 1 AS `score`,
 1 AS `name`,
 1 AS `lastname`,
 1 AS `gender`,
 1 AS `program`,
 1 AS `area`,
 1 AS `process`,
 1 AS `correct`,
 1 AS `incorrect`,
 1 AS `blank`*/;
SET character_set_client = @saved_cs_client;

--
-- Temporary view structure for view `vusers`
--

DROP TABLE IF EXISTS `vusers`;
/*!50001 DROP VIEW IF EXISTS `vusers`*/;
SET @saved_cs_client     = @@character_set_client;
SET character_set_client = utf8;
/*!50001 CREATE VIEW `vusers` AS SELECT 
 1 AS `id`,
 1 AS `dni`,
 1 AS `lastname`,
 1 AS `name`,
 1 AS `gender`,
 1 AS `utid`,
 1 AS `rol`,
 1 AS `username`*/;
SET character_set_client = @saved_cs_client;

--
-- Dumping events for database 'ogcu'
--

--
-- Dumping routines for database 'ogcu'
--
/*!50003 DROP FUNCTION IF EXISTS `countAllResponsesByCourse` */;
/*!50003 SET @saved_cs_client      = @@character_set_client */ ;
/*!50003 SET @saved_cs_results     = @@character_set_results */ ;
/*!50003 SET @saved_col_connection = @@collation_connection */ ;
/*!50003 SET character_set_client  = utf8 */ ;
/*!50003 SET character_set_results = utf8 */ ;
/*!50003 SET collation_connection  = utf8_general_ci */ ;
/*!50003 SET @saved_sql_mode       = @@sql_mode */ ;
/*!50003 SET sql_mode              = 'STRICT_TRANS_TABLES,NO_AUTO_CREATE_USER,NO_ENGINE_SUBSTITUTION' */ ;
DELIMITER ;;
CREATE DEFINER=`root`@`localhost` FUNCTION `countAllResponsesByCourse`(stdID int, courseID int) RETURNS int(11)
BEGIN

	SET @areaID = getAreaIDByStudentID(stdID);
	SET @all_responses = (SELECT count(1) FROM questions WHERE student_data_id = stdID AND distributions_id = (SELECT id FROM distributions WHERE areas_id = @areaID AND courses_id = courseID));

RETURN @all_responses;
END ;;
DELIMITER ;
/*!50003 SET sql_mode              = @saved_sql_mode */ ;
/*!50003 SET character_set_client  = @saved_cs_client */ ;
/*!50003 SET character_set_results = @saved_cs_results */ ;
/*!50003 SET collation_connection  = @saved_col_connection */ ;
/*!50003 DROP FUNCTION IF EXISTS `countCorrectResponsesByCourse` */;
/*!50003 SET @saved_cs_client      = @@character_set_client */ ;
/*!50003 SET @saved_cs_results     = @@character_set_results */ ;
/*!50003 SET @saved_col_connection = @@collation_connection */ ;
/*!50003 SET character_set_client  = utf8 */ ;
/*!50003 SET character_set_results = utf8 */ ;
/*!50003 SET collation_connection  = utf8_general_ci */ ;
/*!50003 SET @saved_sql_mode       = @@sql_mode */ ;
/*!50003 SET sql_mode              = 'STRICT_TRANS_TABLES,NO_AUTO_CREATE_USER,NO_ENGINE_SUBSTITUTION' */ ;
DELIMITER ;;
CREATE DEFINER=`root`@`localhost` FUNCTION `countCorrectResponsesByCourse`(stdID int, courseID int) RETURNS int(11)
BEGIN
    
    SET @areaID = getAreaIDByStudentID(stdID);
    
	SET @correct = (SELECT count(1) FROM questions WHERE student_data_id = stdID AND distributions_id = (SELECT id FROM distributions WHERE areas_id = @areaID AND courses_id = courseID) AND responses_id = 1);

RETURN @correct;
END ;;
DELIMITER ;
/*!50003 SET sql_mode              = @saved_sql_mode */ ;
/*!50003 SET character_set_client  = @saved_cs_client */ ;
/*!50003 SET character_set_results = @saved_cs_results */ ;
/*!50003 SET collation_connection  = @saved_col_connection */ ;
/*!50003 DROP FUNCTION IF EXISTS `getAreaIDByStudentID` */;
/*!50003 SET @saved_cs_client      = @@character_set_client */ ;
/*!50003 SET @saved_cs_results     = @@character_set_results */ ;
/*!50003 SET @saved_col_connection = @@collation_connection */ ;
/*!50003 SET character_set_client  = utf8 */ ;
/*!50003 SET character_set_results = utf8 */ ;
/*!50003 SET collation_connection  = utf8_general_ci */ ;
/*!50003 SET @saved_sql_mode       = @@sql_mode */ ;
/*!50003 SET sql_mode              = 'STRICT_TRANS_TABLES,NO_AUTO_CREATE_USER,NO_ENGINE_SUBSTITUTION' */ ;
DELIMITER ;;
CREATE DEFINER=`root`@`localhost` FUNCTION `getAreaIDByStudentID`(stdataID int) RETURNS int(11)
BEGIN
	SET @area_id = (SELECT areas_id FROM programs 
		WHERE id = (SELECT programs_id FROM student_data
        WHERE id = stdataID));
RETURN @area_id;
END ;;
DELIMITER ;
/*!50003 SET sql_mode              = @saved_sql_mode */ ;
/*!50003 SET character_set_client  = @saved_cs_client */ ;
/*!50003 SET character_set_results = @saved_cs_results */ ;
/*!50003 SET collation_connection  = @saved_col_connection */ ;
/*!50003 DROP FUNCTION IF EXISTS `getBlankResponses` */;
/*!50003 SET @saved_cs_client      = @@character_set_client */ ;
/*!50003 SET @saved_cs_results     = @@character_set_results */ ;
/*!50003 SET @saved_col_connection = @@collation_connection */ ;
/*!50003 SET character_set_client  = utf8 */ ;
/*!50003 SET character_set_results = utf8 */ ;
/*!50003 SET collation_connection  = utf8_general_ci */ ;
/*!50003 SET @saved_sql_mode       = @@sql_mode */ ;
/*!50003 SET sql_mode              = 'STRICT_TRANS_TABLES,NO_AUTO_CREATE_USER,NO_ENGINE_SUBSTITUTION' */ ;
DELIMITER ;;
CREATE DEFINER=`root`@`localhost` FUNCTION `getBlankResponses`(stdtID mediumint) RETURNS int(11)
BEGIN
SET @blank = (SELECT blank FROM student_data WHERE id = stdtID);
RETURN @blank;
END ;;
DELIMITER ;
/*!50003 SET sql_mode              = @saved_sql_mode */ ;
/*!50003 SET character_set_client  = @saved_cs_client */ ;
/*!50003 SET character_set_results = @saved_cs_results */ ;
/*!50003 SET collation_connection  = @saved_col_connection */ ;
/*!50003 DROP FUNCTION IF EXISTS `getCorrectResponses` */;
/*!50003 SET @saved_cs_client      = @@character_set_client */ ;
/*!50003 SET @saved_cs_results     = @@character_set_results */ ;
/*!50003 SET @saved_col_connection = @@collation_connection */ ;
/*!50003 SET character_set_client  = utf8 */ ;
/*!50003 SET character_set_results = utf8 */ ;
/*!50003 SET collation_connection  = utf8_general_ci */ ;
/*!50003 SET @saved_sql_mode       = @@sql_mode */ ;
/*!50003 SET sql_mode              = 'STRICT_TRANS_TABLES,NO_AUTO_CREATE_USER,NO_ENGINE_SUBSTITUTION' */ ;
DELIMITER ;;
CREATE DEFINER=`root`@`localhost` FUNCTION `getCorrectResponses`(stdtID mediumint) RETURNS int(11)
BEGIN
	SET @correct = (SELECT good FROM student_data WHERE id = stdtID);
RETURN @correct;
END ;;
DELIMITER ;
/*!50003 SET sql_mode              = @saved_sql_mode */ ;
/*!50003 SET character_set_client  = @saved_cs_client */ ;
/*!50003 SET character_set_results = @saved_cs_results */ ;
/*!50003 SET collation_connection  = @saved_col_connection */ ;
/*!50003 DROP FUNCTION IF EXISTS `getIncorrectResponses` */;
/*!50003 SET @saved_cs_client      = @@character_set_client */ ;
/*!50003 SET @saved_cs_results     = @@character_set_results */ ;
/*!50003 SET @saved_col_connection = @@collation_connection */ ;
/*!50003 SET character_set_client  = utf8 */ ;
/*!50003 SET character_set_results = utf8 */ ;
/*!50003 SET collation_connection  = utf8_general_ci */ ;
/*!50003 SET @saved_sql_mode       = @@sql_mode */ ;
/*!50003 SET sql_mode              = 'STRICT_TRANS_TABLES,NO_AUTO_CREATE_USER,NO_ENGINE_SUBSTITUTION' */ ;
DELIMITER ;;
CREATE DEFINER=`root`@`localhost` FUNCTION `getIncorrectResponses`(stdtID mediumint) RETURNS int(11)
BEGIN
SET @incorrect = (SELECT bad FROM student_data WHERE id = stdtID);
RETURN @incorrect;
END ;;
DELIMITER ;
/*!50003 SET sql_mode              = @saved_sql_mode */ ;
/*!50003 SET character_set_client  = @saved_cs_client */ ;
/*!50003 SET character_set_results = @saved_cs_results */ ;
/*!50003 SET collation_connection  = @saved_col_connection */ ;
/*!50003 DROP FUNCTION IF EXISTS `getPercentResponseByCourse` */;
/*!50003 SET @saved_cs_client      = @@character_set_client */ ;
/*!50003 SET @saved_cs_results     = @@character_set_results */ ;
/*!50003 SET @saved_col_connection = @@collation_connection */ ;
/*!50003 SET character_set_client  = utf8 */ ;
/*!50003 SET character_set_results = utf8 */ ;
/*!50003 SET collation_connection  = utf8_general_ci */ ;
/*!50003 SET @saved_sql_mode       = @@sql_mode */ ;
/*!50003 SET sql_mode              = 'STRICT_TRANS_TABLES,NO_AUTO_CREATE_USER,NO_ENGINE_SUBSTITUTION' */ ;
DELIMITER ;;
CREATE DEFINER=`root`@`localhost` FUNCTION `getPercentResponseByCourse`(stdataID int, coID int) RETURNS tinyint(4)
BEGIN
	SET @percent = round(((countCorrectResponsesByCourse(stdataID, coID) / countAllResponsesByCourse(stdataID, coID)) * 100));
RETURN @percent;
END ;;
DELIMITER ;
/*!50003 SET sql_mode              = @saved_sql_mode */ ;
/*!50003 SET character_set_client  = @saved_cs_client */ ;
/*!50003 SET character_set_results = @saved_cs_results */ ;
/*!50003 SET collation_connection  = @saved_col_connection */ ;
/*!50003 DROP FUNCTION IF EXISTS `getStatusInCourse` */;
/*!50003 SET @saved_cs_client      = @@character_set_client */ ;
/*!50003 SET @saved_cs_results     = @@character_set_results */ ;
/*!50003 SET @saved_col_connection = @@collation_connection */ ;
/*!50003 SET character_set_client  = utf8 */ ;
/*!50003 SET character_set_results = utf8 */ ;
/*!50003 SET collation_connection  = utf8_general_ci */ ;
/*!50003 SET @saved_sql_mode       = @@sql_mode */ ;
/*!50003 SET sql_mode              = 'STRICT_TRANS_TABLES,NO_AUTO_CREATE_USER,NO_ENGINE_SUBSTITUTION' */ ;
DELIMITER ;;
CREATE DEFINER=`root`@`localhost` FUNCTION `getStatusInCourse`(stdataID int, courseID int) RETURNS int(11)
BEGIN

DECLARE response INT;

SET @stID = (SELECT students_id FROM student_data WHERE id = stdataID);

SET @percent = getPercentResponseByCourse(stdataID, courseID);

SET @areaID = getAreaIDByStudentID(stdataID);

SET @processID = (SELECT process_id FROM student_data WHERE id = stdataID);

SET @rankID = (SELECT id FROM ranks WHERE areas_id = @areaID AND courses_id = courseID AND process_id = @processID);

if (@rankID IS NULL) THEN
	INSERT INTO ranks VALUES (null, 50, 70, @areaID, courseID, @processID);
    SET @rankID = (SELECT id FROM ranks WHERE areas_id = @areaID AND courses_id = courseID AND process_id = @processID);
END IF;

SET @min = (SELECT minimum FROM ranks WHERE id = @rankID);
SET @max = (SELECT recommended FROM ranks WHERE id = @rankID);

IF (@min IS NOT NULL AND @max IS NOT NULL) THEN
	IF (@percent < @min) THEN
		SET response = 3; -- 'Requiere nivelacion'
	ELSEIF (@percent BETWEEN @min AND @max) THEN
		SET response = 2; -- 'Necesita nivelacion, no urgente'    
	ELSEIF (@percent > @max) THEN
		SET response = 1; -- 'No necesita nivelacion'
	END IF;
ELSE
	SET response = 0;
END IF;

RETURN response;
END ;;
DELIMITER ;
/*!50003 SET sql_mode              = @saved_sql_mode */ ;
/*!50003 SET character_set_client  = @saved_cs_client */ ;
/*!50003 SET character_set_results = @saved_cs_results */ ;
/*!50003 SET collation_connection  = @saved_col_connection */ ;
/*!50003 DROP PROCEDURE IF EXISTS `createNewUser` */;
/*!50003 SET @saved_cs_client      = @@character_set_client */ ;
/*!50003 SET @saved_cs_results     = @@character_set_results */ ;
/*!50003 SET @saved_col_connection = @@collation_connection */ ;
/*!50003 SET character_set_client  = utf8 */ ;
/*!50003 SET character_set_results = utf8 */ ;
/*!50003 SET collation_connection  = utf8_general_ci */ ;
/*!50003 SET @saved_sql_mode       = @@sql_mode */ ;
/*!50003 SET sql_mode              = 'STRICT_TRANS_TABLES,NO_AUTO_CREATE_USER,NO_ENGINE_SUBSTITUTION' */ ;
DELIMITER ;;
CREATE DEFINER=`root`@`localhost` PROCEDURE `createNewUser`(in _username varchar(45), _password varchar(45), _name varchar(45), _lastname varchar(45),_dni varchar(8), _rol varchar(45), genderID tinyint(4))
BEGIN

	if (SELECT count(*) FROM people WHERE dni = _dni) = 0 then	
	
        INSERT INTO people VALUES (null, _dni, _name, _lastname, genderID);  
        
    end if;

	SET @personID = (SELECT id FROM people WHERE dni = _dni);
	SET @rolID = (SELECT id FROM user_type WHERE type = _rol);
        
	INSERT INTO users VALUES (null, _username, sha1(_password), @rolID, @personID);
END ;;
DELIMITER ;
/*!50003 SET sql_mode              = @saved_sql_mode */ ;
/*!50003 SET character_set_client  = @saved_cs_client */ ;
/*!50003 SET character_set_results = @saved_cs_results */ ;
/*!50003 SET collation_connection  = @saved_col_connection */ ;
/*!50003 DROP PROCEDURE IF EXISTS `new_procedure` */;
/*!50003 SET @saved_cs_client      = @@character_set_client */ ;
/*!50003 SET @saved_cs_results     = @@character_set_results */ ;
/*!50003 SET @saved_col_connection = @@collation_connection */ ;
/*!50003 SET character_set_client  = utf8 */ ;
/*!50003 SET character_set_results = utf8 */ ;
/*!50003 SET collation_connection  = utf8_general_ci */ ;
/*!50003 SET @saved_sql_mode       = @@sql_mode */ ;
/*!50003 SET sql_mode              = 'STRICT_TRANS_TABLES,NO_AUTO_CREATE_USER,NO_ENGINE_SUBSTITUTION' */ ;
DELIMITER ;;
CREATE DEFINER=`root`@`localhost` PROCEDURE `new_procedure`(_num tinyint(4), stdataID mediumint(9), _rsp decimal(2, 1))
BEGIN

		
		SET @distID = (SELECT id FROM distributions WHERE areas_id = getAreaIDByStudentID(stdataID) AND (_num BETWEEN dfrom AND dto));

		SET @respID = (CASE
			WHEN _rsp = 0 THEN 3
			WHEN _rsp < 0 THEN 2
			WHEN _rsp > 0 THEN 1
			ELSE 3
		END);
		
		SET @countQst = (SELECT count(1) FROM questions WHERE number = _num AND student_data_id = stdataID AND responses_id = @respID AND distributions_id = @distID);
		
		IF (@countQst = 0) THEN
			SELECT concat_ws(' -- ', 'No esta:',_num, stdataID, _rsp, @respID, @distID) as rsta;
		ELSE
			SELECT concat_ws(' ** ', 'Ya esta:',_num, stdataID, _rsp, @respID, @distID) as rsta;
		END IF;
END ;;
DELIMITER ;
/*!50003 SET sql_mode              = @saved_sql_mode */ ;
/*!50003 SET character_set_client  = @saved_cs_client */ ;
/*!50003 SET character_set_results = @saved_cs_results */ ;
/*!50003 SET collation_connection  = @saved_col_connection */ ;
/*!50003 DROP PROCEDURE IF EXISTS `spCountCoursesMissing` */;
/*!50003 SET @saved_cs_client      = @@character_set_client */ ;
/*!50003 SET @saved_cs_results     = @@character_set_results */ ;
/*!50003 SET @saved_col_connection = @@collation_connection */ ;
/*!50003 SET character_set_client  = utf8 */ ;
/*!50003 SET character_set_results = utf8 */ ;
/*!50003 SET collation_connection  = utf8_general_ci */ ;
/*!50003 SET @saved_sql_mode       = @@sql_mode */ ;
/*!50003 SET sql_mode              = 'STRICT_TRANS_TABLES,NO_AUTO_CREATE_USER,NO_ENGINE_SUBSTITUTION' */ ;
DELIMITER ;;
CREATE DEFINER=`root`@`localhost` PROCEDURE `spCountCoursesMissing`()
BEGIN

DECLARE areaID TINYINT;
DECLARE currentProcessID INT;
DECLARE num TINYINT DEFAULT 0;

DECLARE done BOOLEAN DEFAULT FALSE;
DECLARE areas_cursor CURSOR FOR (SELECT id from areas);
DECLARE CONTINUE HANDLER FOR SQLSTATE '02000' SET done = TRUE;

SET currentProcessID = (SELECT id FROM process ORDER BY name DESC LIMIT 1);

OPEN areas_cursor;

	loop1: LOOP
    
		FETCH areas_cursor INTO areaID;

		IF done THEN LEAVE loop1;
		END IF;
		
        SET @count = (SELECT count(1) FROM courses WHERE id IN (SELECT courses_id FROM distributions WHERE areas_id = areaID AND courses_id NOT IN (SELECT courses_id FROM ranks WHERE process_id = currentProcessID AND areas_id = areaID)));
        
        SET num = num + @count;
        
        
	END LOOP loop1;

CLOSE areas_cursor;
  
SELECT num;

END ;;
DELIMITER ;
/*!50003 SET sql_mode              = @saved_sql_mode */ ;
/*!50003 SET character_set_client  = @saved_cs_client */ ;
/*!50003 SET character_set_results = @saved_cs_results */ ;
/*!50003 SET collation_connection  = @saved_col_connection */ ;
/*!50003 DROP PROCEDURE IF EXISTS `spCourses` */;
/*!50003 SET @saved_cs_client      = @@character_set_client */ ;
/*!50003 SET @saved_cs_results     = @@character_set_results */ ;
/*!50003 SET @saved_col_connection = @@collation_connection */ ;
/*!50003 SET character_set_client  = utf8 */ ;
/*!50003 SET character_set_results = utf8 */ ;
/*!50003 SET collation_connection  = utf8_general_ci */ ;
/*!50003 SET @saved_sql_mode       = @@sql_mode */ ;
/*!50003 SET sql_mode              = 'STRICT_TRANS_TABLES,NO_AUTO_CREATE_USER,NO_ENGINE_SUBSTITUTION' */ ;
DELIMITER ;;
CREATE DEFINER=`root`@`localhost` PROCEDURE `spCourses`(IN `proceso` VARCHAR(10))
BEGIN

SELECT  
	co.name as course, 
    COUNT(stdt.code) as code 
    
FROM clasifications 	AS clf 
JOIN courses 			AS co 	ON co.id = clf.courses_id 
JOIN student_data 		AS stdt ON stdt.id = clf.student_data_id 
	JOIN students 		AS st 	ON st.id = stdt.students_id 
		JOIN people 	AS pe 	ON pe.id = st.people_id 
	JOIN programs 		AS pr 	ON pr.id = stdt.programs_id 
		JOIN areas 		AS ar 	ON ar.id = pr.areas_id 
	JOIN process 		AS pc 	ON pc.id = stdt.process_id 
JOIN status 			AS sts 	ON sts.id = clf.status_id 

WHERE pc.name=proceso GROUP BY co.name ORDER BY sts.id ASC;

END ;;
DELIMITER ;
/*!50003 SET sql_mode              = @saved_sql_mode */ ;
/*!50003 SET character_set_client  = @saved_cs_client */ ;
/*!50003 SET character_set_results = @saved_cs_results */ ;
/*!50003 SET collation_connection  = @saved_col_connection */ ;
/*!50003 DROP PROCEDURE IF EXISTS `spCoursessProcess` */;
/*!50003 SET @saved_cs_client      = @@character_set_client */ ;
/*!50003 SET @saved_cs_results     = @@character_set_results */ ;
/*!50003 SET @saved_col_connection = @@collation_connection */ ;
/*!50003 SET character_set_client  = utf8 */ ;
/*!50003 SET character_set_results = utf8 */ ;
/*!50003 SET collation_connection  = utf8_general_ci */ ;
/*!50003 SET @saved_sql_mode       = @@sql_mode */ ;
/*!50003 SET sql_mode              = 'STRICT_TRANS_TABLES,NO_AUTO_CREATE_USER,NO_ENGINE_SUBSTITUTION' */ ;
DELIMITER ;;
CREATE DEFINER=`root`@`localhost` PROCEDURE `spCoursessProcess`(IN `procc` VARCHAR(10))
BEGIN
SELECT DISTINCT
st.name as status,
		COUNT(cl.student_data_id) as students,
        c.name as course,
        p.name as process
        FROM clasifications cl, status st, courses c, process p, student_data s
        WHERE cl.courses_id=c.id AND cl.student_data_id=s.id AND cl.status_id=st.id AND p.id=s.process_id
        AND p.name=procc GROUP BY c.name;
END ;;
DELIMITER ;
/*!50003 SET sql_mode              = @saved_sql_mode */ ;
/*!50003 SET character_set_client  = @saved_cs_client */ ;
/*!50003 SET character_set_results = @saved_cs_results */ ;
/*!50003 SET collation_connection  = @saved_col_connection */ ;
/*!50003 DROP PROCEDURE IF EXISTS `spDoCourseClassification` */;
/*!50003 SET @saved_cs_client      = @@character_set_client */ ;
/*!50003 SET @saved_cs_results     = @@character_set_results */ ;
/*!50003 SET @saved_col_connection = @@collation_connection */ ;
/*!50003 SET character_set_client  = utf8 */ ;
/*!50003 SET character_set_results = utf8 */ ;
/*!50003 SET collation_connection  = utf8_general_ci */ ;
/*!50003 SET @saved_sql_mode       = @@sql_mode */ ;
/*!50003 SET sql_mode              = 'STRICT_TRANS_TABLES,NO_AUTO_CREATE_USER,NO_ENGINE_SUBSTITUTION' */ ;
DELIMITER ;;
CREATE DEFINER=`root`@`localhost` PROCEDURE `spDoCourseClassification`(stdataID SMALLINT)
BEGIN

DECLARE courseID INT;
DECLARE done BOOLEAN DEFAULT FALSE;

DECLARE courses_cursor CURSOR FOR (SELECT courses_id FROM distributions WHERE id IN (SELECT DISTINCT distributions_id FROM questions WHERE student_data_id = stdataID));

DECLARE CONTINUE HANDLER FOR SQLSTATE '02000' SET done = TRUE;

OPEN courses_cursor;

	loop1: LOOP
    
		FETCH courses_cursor INTO courseID;

		IF done THEN LEAVE loop1;
		END IF;
		
        SET @statusID = getStatusInCourse(stdataID, courseID);
        IF (@statusID > 0) THEN
			
            SET @countClasf = (SELECT count(1) FROM clasifications WHERE student_data_id = stdataID AND courses_id = courseID AND status_id = @statusID);
            
            IF (@countClasf = 0) THEN
				INSERT INTO clasifications VALUES (null, stdataID, courseID, @statusID);
            END IF;
            
        END IF;
        
	END LOOP loop1;

CLOSE courses_cursor;
  
    
END ;;
DELIMITER ;
/*!50003 SET sql_mode              = @saved_sql_mode */ ;
/*!50003 SET character_set_client  = @saved_cs_client */ ;
/*!50003 SET character_set_results = @saved_cs_results */ ;
/*!50003 SET collation_connection  = @saved_col_connection */ ;
/*!50003 DROP PROCEDURE IF EXISTS `spGetUserLoggedInfo` */;
/*!50003 SET @saved_cs_client      = @@character_set_client */ ;
/*!50003 SET @saved_cs_results     = @@character_set_results */ ;
/*!50003 SET @saved_col_connection = @@collation_connection */ ;
/*!50003 SET character_set_client  = utf8 */ ;
/*!50003 SET character_set_results = utf8 */ ;
/*!50003 SET collation_connection  = utf8_general_ci */ ;
/*!50003 SET @saved_sql_mode       = @@sql_mode */ ;
/*!50003 SET sql_mode              = 'STRICT_TRANS_TABLES,NO_AUTO_CREATE_USER,NO_ENGINE_SUBSTITUTION' */ ;
DELIMITER ;;
CREATE DEFINER=`root`@`localhost` PROCEDURE `spGetUserLoggedInfo`(in user varchar(45), psw varchar(45))
BEGIN

	SET @isStudent = (SELECT count(1) FROM vstudents WHERE code = user AND dni = psw);
    
    IF @isStudent = 1 THEN
		SET @stdID = (SELECT id FROM vstudents WHERE code = user AND dni = psw LIMIT 1);
			
		if @stdID IS NOT NULL then
			SELECT id, dni, lastname, name, gender, 3 as utid,  (SELECT type FROM user_type WHERE id = 3) as rol, code as username FROM vstudents WHERE id = @stdID; 
		end if;
    ELSE
		SET @userID = (SELECT id FROM users WHERE username = user AND password = sha1(psw));
			
		if @userID IS NOT NULL then
			SELECT * FROM vusers WHERE id = @userID;			
		end if;
    END IF;
END ;;
DELIMITER ;
/*!50003 SET sql_mode              = @saved_sql_mode */ ;
/*!50003 SET character_set_client  = @saved_cs_client */ ;
/*!50003 SET character_set_results = @saved_cs_results */ ;
/*!50003 SET collation_connection  = @saved_col_connection */ ;
/*!50003 DROP PROCEDURE IF EXISTS `spInsertOnHistoric` */;
/*!50003 SET @saved_cs_client      = @@character_set_client */ ;
/*!50003 SET @saved_cs_results     = @@character_set_results */ ;
/*!50003 SET @saved_col_connection = @@collation_connection */ ;
/*!50003 SET character_set_client  = utf8 */ ;
/*!50003 SET character_set_results = utf8 */ ;
/*!50003 SET collation_connection  = utf8_general_ci */ ;
/*!50003 SET @saved_sql_mode       = @@sql_mode */ ;
/*!50003 SET sql_mode              = 'STRICT_TRANS_TABLES,STRICT_ALL_TABLES,NO_ZERO_IN_DATE,NO_ZERO_DATE,ALLOW_INVALID_DATES,ERROR_FOR_DIVISION_BY_ZERO,TRADITIONAL,NO_AUTO_CREATE_USER,NO_ENGINE_SUBSTITUTION' */ ;
DELIMITER ;;
CREATE DEFINER=`root`@`localhost` PROCEDURE `spInsertOnHistoric`(in min TINYINT, rec TINYINT, rankID MEDIUMINT)
BEGIN

	INSERT INTO historic VALUES (null, min, rec, now(), rankID);

END ;;
DELIMITER ;
/*!50003 SET sql_mode              = @saved_sql_mode */ ;
/*!50003 SET character_set_client  = @saved_cs_client */ ;
/*!50003 SET character_set_results = @saved_cs_results */ ;
/*!50003 SET collation_connection  = @saved_col_connection */ ;
/*!50003 DROP PROCEDURE IF EXISTS `spLogin` */;
/*!50003 SET @saved_cs_client      = @@character_set_client */ ;
/*!50003 SET @saved_cs_results     = @@character_set_results */ ;
/*!50003 SET @saved_col_connection = @@collation_connection */ ;
/*!50003 SET character_set_client  = utf8 */ ;
/*!50003 SET character_set_results = utf8 */ ;
/*!50003 SET collation_connection  = utf8_general_ci */ ;
/*!50003 SET @saved_sql_mode       = @@sql_mode */ ;
/*!50003 SET sql_mode              = 'STRICT_TRANS_TABLES,NO_AUTO_CREATE_USER,NO_ENGINE_SUBSTITUTION' */ ;
DELIMITER ;;
CREATE DEFINER=`root`@`localhost` PROCEDURE `spLogin`(in user varchar(45), psw varchar(45))
BEGIN

	SET @isStudent = (SELECT count(1) FROM vstudents WHERE code = user AND dni = psw);
    
    IF @isStudent = 1 THEN -- @isStudent = 1 es estudiante
		SELECT 'Credenciales correctas' as 'response', true as 'status';
    ELSE 		
        SET @existUser = (SELECT count(*) FROM users WHERE username = user AND password = sha1(psw));
		if ( @existUser = 1 ) then
			SELECT 'Credenciales correctas' as 'response', true as 'status';
		else
			SELECT 'Error, revise sus credenciales de acceso.' as 'response', false as 'status';
		end if;        
    END IF;


END ;;
DELIMITER ;
/*!50003 SET sql_mode              = @saved_sql_mode */ ;
/*!50003 SET character_set_client  = @saved_cs_client */ ;
/*!50003 SET character_set_results = @saved_cs_results */ ;
/*!50003 SET collation_connection  = @saved_col_connection */ ;
/*!50003 DROP PROCEDURE IF EXISTS `spSaveQuestionsByStudent` */;
/*!50003 SET @saved_cs_client      = @@character_set_client */ ;
/*!50003 SET @saved_cs_results     = @@character_set_results */ ;
/*!50003 SET @saved_col_connection = @@collation_connection */ ;
/*!50003 SET character_set_client  = utf8 */ ;
/*!50003 SET character_set_results = utf8 */ ;
/*!50003 SET collation_connection  = utf8_general_ci */ ;
/*!50003 SET @saved_sql_mode       = @@sql_mode */ ;
/*!50003 SET sql_mode              = 'STRICT_TRANS_TABLES,NO_AUTO_CREATE_USER,NO_ENGINE_SUBSTITUTION' */ ;
DELIMITER ;;
CREATE DEFINER=`root`@`localhost` PROCEDURE `spSaveQuestionsByStudent`(_num tinyint(4), stdataID mediumint(9), _rsp decimal(2, 1))
BEGIN

	SET @count = (SELECT count(1) from questions WHERE student_data_id = stdataID);
		
	IF (@count < 100) THEN

		SET @distID = (SELECT id FROM distributions WHERE areas_id = getAreaIDByStudentID(stdataID) AND (_num BETWEEN dfrom AND dto));

		SET @respID = (CASE
			WHEN _rsp = 0 THEN 3
			WHEN _rsp < 0 THEN 2
			WHEN _rsp > 0 THEN 1
			ELSE 3
		END);
		
		SET @countQst = (SELECT count(1) FROM questions WHERE number = _num AND student_data_id = stdataID AND responses_id = @respID AND distributions_id = @distID);
		
		IF (@countQst = 0) THEN
			INSERT INTO questions VALUES (null, _num, stdataID, @respID, @distID);
		END IF;
        
	END IF;
    
END ;;
DELIMITER ;
/*!50003 SET sql_mode              = @saved_sql_mode */ ;
/*!50003 SET character_set_client  = @saved_cs_client */ ;
/*!50003 SET character_set_results = @saved_cs_results */ ;
/*!50003 SET collation_connection  = @saved_col_connection */ ;
/*!50003 DROP PROCEDURE IF EXISTS `spSaveStudent` */;
/*!50003 SET @saved_cs_client      = @@character_set_client */ ;
/*!50003 SET @saved_cs_results     = @@character_set_results */ ;
/*!50003 SET @saved_col_connection = @@collation_connection */ ;
/*!50003 SET character_set_client  = utf8 */ ;
/*!50003 SET character_set_results = utf8 */ ;
/*!50003 SET collation_connection  = utf8_general_ci */ ;
/*!50003 SET @saved_sql_mode       = @@sql_mode */ ;
/*!50003 SET sql_mode              = 'STRICT_TRANS_TABLES,NO_AUTO_CREATE_USER,NO_ENGINE_SUBSTITUTION' */ ;
DELIMITER ;;
CREATE DEFINER=`root`@`localhost` PROCEDURE `spSaveStudent`(_dni varchar(8), _name varchar(45), _lastname varchar(45), _gender varchar(45), _code varchar(12), _omg smallint, _score decimal(4,1), _postulantcode varchar(6), _good tinyint, _bad tinyint, _blank tinyint, _program varchar(75))
BEGIN

	SET @idPerson = (SELECT id FROM people WHERE dni = _dni);    
    IF @idPerson IS NULL THEN
		INSERT INTO people VALUES (null, _dni, _name, _lastname, (SELECT id FROM genders WHERE gender = _gender));
    END IF;
	SET @idPerson = (SELECT id FROM people WHERE dni = _dni);

	SET @stdID = (SELECT id FROM students WHERE people_id = @idPerson);    
    IF @stdID IS NULL THEN
		INSERT INTO students VALUES (null, @idPerson);
    END IF;
	SET @stdID = (SELECT id FROM students WHERE people_id = @idPerson);
    
    SET @progID = (SELECT id FROM programs WHERE name = _program);
    SET @procID = (SELECT id FROM process ORDER BY name DESC LIMIT 1);
    
    SET @stdtID = (SELECT id FROM student_data WHERE students_id = @stdID AND programs_id = @progID AND process_id = @procID AND code = _code); 
    IF (@stdtID IS NULL) THEN
		INSERT INTO student_data VALUES (null, _code, _omg, 0, @stdID, @progID, @procID, _score, _postulantcode, _good, _bad, _blank);
    END IF;
	SET @stdtID = (SELECT id FROM student_data WHERE students_id = @stdID AND programs_id = @progID AND process_id = @procID AND code = _code);
    
    SELECT @stdtID AS id;

END ;;
DELIMITER ;
/*!50003 SET sql_mode              = @saved_sql_mode */ ;
/*!50003 SET character_set_client  = @saved_cs_client */ ;
/*!50003 SET character_set_results = @saved_cs_results */ ;
/*!50003 SET collation_connection  = @saved_col_connection */ ;
/*!50003 DROP PROCEDURE IF EXISTS `spShowMissingCourses` */;
/*!50003 SET @saved_cs_client      = @@character_set_client */ ;
/*!50003 SET @saved_cs_results     = @@character_set_results */ ;
/*!50003 SET @saved_col_connection = @@collation_connection */ ;
/*!50003 SET character_set_client  = utf8 */ ;
/*!50003 SET character_set_results = utf8 */ ;
/*!50003 SET collation_connection  = utf8_general_ci */ ;
/*!50003 SET @saved_sql_mode       = @@sql_mode */ ;
/*!50003 SET sql_mode              = 'STRICT_TRANS_TABLES,NO_AUTO_CREATE_USER,NO_ENGINE_SUBSTITUTION' */ ;
DELIMITER ;;
CREATE DEFINER=`root`@`localhost` PROCEDURE `spShowMissingCourses`(ar varchar(5))
BEGIN

	SET @areaID = (SELECT id FROM areas WHERE name = ar);
    
    IF (@areaID IS NOT NULL ) THEN
		SET @procID = (SELECT id FROM process ORDER BY name DESC LIMIT 1);
		SET @courses = (SELECT GROUP_CONCAT(name SEPARATOR ', ') FROM courses WHERE id IN (SELECT courses_id FROM distributions WHERE areas_id = @areaID AND courses_id NOT IN (SELECT courses_id FROM ranks WHERE process_id = @procID AND areas_id = @areaID))); 
		SET @stat = IF(length(@courses)  > 0, true, false);
        SELECT @courses as message, @stat as stat;
	ELSE
		SELECT 'Sin Datos' as message, false as stat;
    END IF;
    
END ;;
DELIMITER ;
/*!50003 SET sql_mode              = @saved_sql_mode */ ;
/*!50003 SET character_set_client  = @saved_cs_client */ ;
/*!50003 SET character_set_results = @saved_cs_results */ ;
/*!50003 SET collation_connection  = @saved_col_connection */ ;
/*!50003 DROP PROCEDURE IF EXISTS `spShowStatusByCourse` */;
/*!50003 SET @saved_cs_client      = @@character_set_client */ ;
/*!50003 SET @saved_cs_results     = @@character_set_results */ ;
/*!50003 SET @saved_col_connection = @@collation_connection */ ;
/*!50003 SET character_set_client  = utf8 */ ;
/*!50003 SET character_set_results = utf8 */ ;
/*!50003 SET collation_connection  = utf8_general_ci */ ;
/*!50003 SET @saved_sql_mode       = @@sql_mode */ ;
/*!50003 SET sql_mode              = 'STRICT_TRANS_TABLES,NO_AUTO_CREATE_USER,NO_ENGINE_SUBSTITUTION' */ ;
DELIMITER ;;
CREATE DEFINER=`root`@`localhost` PROCEDURE `spShowStatusByCourse`(IN `idstatus` INT(11), IN `proc` VARCHAR(10))
BEGIN


SELECT co.name, COUNT(sts.name) FROM clasifications AS clf
        JOIN courses AS co 	ON co.id = clf.courses_id        
        JOIN student_data	AS stdt	ON stdt.id = clf.student_data_id
		JOIN programs	AS pr	ON pr.id = stdt.programs_id
		JOIN process	AS pc	ON pc.id = stdt.process_id
		JOIN status AS sts	ON sts.id = clf.status_id
        WHERE sts.id=idstatus AND pc.name=proc
		GROUP BY co.name  
        ORDER BY sts.id ASC;

END ;;
DELIMITER ;
/*!50003 SET sql_mode              = @saved_sql_mode */ ;
/*!50003 SET character_set_client  = @saved_cs_client */ ;
/*!50003 SET character_set_results = @saved_cs_results */ ;
/*!50003 SET collation_connection  = @saved_col_connection */ ;
/*!50003 DROP PROCEDURE IF EXISTS `spShowStudentCourses` */;
/*!50003 SET @saved_cs_client      = @@character_set_client */ ;
/*!50003 SET @saved_cs_results     = @@character_set_results */ ;
/*!50003 SET @saved_col_connection = @@collation_connection */ ;
/*!50003 SET character_set_client  = utf8 */ ;
/*!50003 SET character_set_results = utf8 */ ;
/*!50003 SET collation_connection  = utf8_general_ci */ ;
/*!50003 SET @saved_sql_mode       = @@sql_mode */ ;
/*!50003 SET sql_mode              = 'STRICT_TRANS_TABLES,NO_AUTO_CREATE_USER,NO_ENGINE_SUBSTITUTION' */ ;
DELIMITER ;;
CREATE DEFINER=`root`@`localhost` PROCEDURE `spShowStudentCourses`(in stdataID int)
BEGIN
	SELECT DISTINCT
		student_data_id as student_id,
		(SELECT name FROM courses WHERE id = courses_id) as course,
		getPercentResponseByCourse(student_data_id, courses_id) as percent,
		(SELECT name FROM status WHERE id = status_id) as stat,
        status_id as num
	
    FROM clasifications 
    
    WHERE student_data_id = stdataID;
END ;;
DELIMITER ;
/*!50003 SET sql_mode              = @saved_sql_mode */ ;
/*!50003 SET character_set_client  = @saved_cs_client */ ;
/*!50003 SET character_set_results = @saved_cs_results */ ;
/*!50003 SET collation_connection  = @saved_col_connection */ ;
/*!50003 DROP PROCEDURE IF EXISTS `spShowStudentCoursesByFullName` */;
/*!50003 SET @saved_cs_client      = @@character_set_client */ ;
/*!50003 SET @saved_cs_results     = @@character_set_results */ ;
/*!50003 SET @saved_col_connection = @@collation_connection */ ;
/*!50003 SET character_set_client  = utf8 */ ;
/*!50003 SET character_set_results = utf8 */ ;
/*!50003 SET collation_connection  = utf8_general_ci */ ;
/*!50003 SET @saved_sql_mode       = @@sql_mode */ ;
/*!50003 SET sql_mode              = 'STRICT_TRANS_TABLES,NO_AUTO_CREATE_USER,NO_ENGINE_SUBSTITUTION' */ ;
DELIMITER ;;
CREATE DEFINER=`root`@`localhost` PROCEDURE `spShowStudentCoursesByFullName`(in fullname VARCHAR(90))
BEGIN
	SELECT DISTINCT
		student_data_id as student_id,
		(SELECT name FROM courses WHERE id = courses_id) as course,
		getPercentResponseByCourse(student_data_id, courses_id) as percent,
		(SELECT name FROM status WHERE id = status_id) as stat,
        status_id as num
	
    FROM clasifications 
    
    WHERE student_data_id = (SELECT id FROM student_data WHERE students_id = (SELECT id FROM students WHERE people_id = (SELECT id FROM people WHERE concat(lastname, ' ', name) = fullname)));
END ;;
DELIMITER ;
/*!50003 SET sql_mode              = @saved_sql_mode */ ;
/*!50003 SET character_set_client  = @saved_cs_client */ ;
/*!50003 SET character_set_results = @saved_cs_results */ ;
/*!50003 SET collation_connection  = @saved_col_connection */ ;
/*!50003 DROP PROCEDURE IF EXISTS `spShowStudentsByCourse` */;
/*!50003 SET @saved_cs_client      = @@character_set_client */ ;
/*!50003 SET @saved_cs_results     = @@character_set_results */ ;
/*!50003 SET @saved_col_connection = @@collation_connection */ ;
/*!50003 SET character_set_client  = utf8 */ ;
/*!50003 SET character_set_results = utf8 */ ;
/*!50003 SET collation_connection  = utf8_general_ci */ ;
/*!50003 SET @saved_sql_mode       = @@sql_mode */ ;
/*!50003 SET sql_mode              = 'STRICT_TRANS_TABLES,NO_AUTO_CREATE_USER,NO_ENGINE_SUBSTITUTION' */ ;
DELIMITER ;;
CREATE DEFINER=`root`@`localhost` PROCEDURE `spShowStudentsByCourse`(_area varchar(45), _course varchar(45), _proc varchar(45))
BEGIN
	
    set @areaID = (SELECT id FROM areas WHERE name = _area);
    set @courseID = (SELECT id FROM courses WHERE name = _course);
    set @procID = (SELECT id FROM process WHERE name = _proc);
    
    if (@areaID IS NOT NULL AND @courseID IS NOT NULL AND @procID IS NOT NULL) then
    
		SELECT     

			st.id as stdID,
			pe.name as name,
			pe.lastname as lastname,
			stdt.code as code,
			pr.name as program,
			ar.name as area,
			pc.name as process,
			co.name as course,
			sts.id as num,
			sts.name as stat
        
        FROM clasifications AS clf
        
        JOIN courses 		AS co 	ON co.id = clf.courses_id        
        JOIN student_data	AS stdt	ON stdt.id = clf.student_data_id
			JOIN students 	AS st	ON st.id = stdt.students_id
				JOIN people AS pe	ON pe.id = st.people_id
			JOIN programs	AS pr	ON pr.id = stdt.programs_id
				JOIN areas 	AS ar	ON ar.id = pr.areas_id
			JOIN process	AS pc	ON pc.id = stdt.process_id
		JOIN status 		AS sts	ON sts.id = clf.status_id
        
        WHERE ar.id = @areaID AND co.id = @courseID and pc.id = @procID
        
        ORDER BY sts.id ASC;
    
    end if;
    
END ;;
DELIMITER ;
/*!50003 SET sql_mode              = @saved_sql_mode */ ;
/*!50003 SET character_set_client  = @saved_cs_client */ ;
/*!50003 SET character_set_results = @saved_cs_results */ ;
/*!50003 SET collation_connection  = @saved_col_connection */ ;
/*!50003 DROP PROCEDURE IF EXISTS `spUpdateCourseClasification` */;
/*!50003 SET @saved_cs_client      = @@character_set_client */ ;
/*!50003 SET @saved_cs_results     = @@character_set_results */ ;
/*!50003 SET @saved_col_connection = @@collation_connection */ ;
/*!50003 SET character_set_client  = utf8 */ ;
/*!50003 SET character_set_results = utf8 */ ;
/*!50003 SET collation_connection  = utf8_general_ci */ ;
/*!50003 SET @saved_sql_mode       = @@sql_mode */ ;
/*!50003 SET sql_mode              = 'STRICT_TRANS_TABLES,STRICT_ALL_TABLES,NO_ZERO_IN_DATE,NO_ZERO_DATE,ALLOW_INVALID_DATES,ERROR_FOR_DIVISION_BY_ZERO,TRADITIONAL,NO_AUTO_CREATE_USER,NO_ENGINE_SUBSTITUTION' */ ;
DELIMITER ;;
CREATE DEFINER=`root`@`localhost` PROCEDURE `spUpdateCourseClasification`(courseID TINYINT)
BEGIN

DECLARE clasID INT;
DECLARE stID INT;
DECLARE done BOOLEAN DEFAULT FALSE;
DECLARE courses_cursor CURSOR FOR (SELECT DISTINCT id, (SELECT students_id FROM student_data WHERE id = student_data_id) as stID FROM clasifications WHERE courses_id = courseID);
DECLARE CONTINUE HANDLER FOR SQLSTATE '02000' SET done = TRUE;


OPEN courses_cursor;

	loop1: LOOP
    
		FETCH courses_cursor INTO clasID, stID;

			IF done THEN LEAVE loop1;
			END IF;
         
        UPDATE clasifications SET status_id = getStatusInCourse(stID, courseID) WHERE id = clasID;
                
	END LOOP loop1;

CLOSE courses_cursor;
  
    
END ;;
DELIMITER ;
/*!50003 SET sql_mode              = @saved_sql_mode */ ;
/*!50003 SET character_set_client  = @saved_cs_client */ ;
/*!50003 SET character_set_results = @saved_cs_results */ ;
/*!50003 SET collation_connection  = @saved_col_connection */ ;
/*!50003 DROP PROCEDURE IF EXISTS `spUpdatePersonPersonalInfo` */;
/*!50003 SET @saved_cs_client      = @@character_set_client */ ;
/*!50003 SET @saved_cs_results     = @@character_set_results */ ;
/*!50003 SET @saved_col_connection = @@collation_connection */ ;
/*!50003 SET character_set_client  = utf8 */ ;
/*!50003 SET character_set_results = utf8 */ ;
/*!50003 SET collation_connection  = utf8_general_ci */ ;
/*!50003 SET @saved_sql_mode       = @@sql_mode */ ;
/*!50003 SET sql_mode              = 'STRICT_TRANS_TABLES,NO_AUTO_CREATE_USER,NO_ENGINE_SUBSTITUTION' */ ;
DELIMITER ;;
CREATE DEFINER=`root`@`localhost` PROCEDURE `spUpdatePersonPersonalInfo`(_name Varchar(45), _lastn Varchar(45), _dni Varchar(8), usID int, genderID tinyint(4))
BEGIN

	SET @personID = (SELECT people_id FROM users WHERE id = usID);
	SET @verifDNI = (SELECT count(1) FROM people WHERE dni = _dni AND id <> @personID);
	
    IF (@verifDNI = 0 AND length(_dni) = 8) THEN
		UPDATE people SET name = _name, lastname = _lastn, dni = _dni, genders_id = genderID WHERE id = @personID;
        SELECT true;
	ELSE
		SELECT false;
    END IF;   

END ;;
DELIMITER ;
/*!50003 SET sql_mode              = @saved_sql_mode */ ;
/*!50003 SET character_set_client  = @saved_cs_client */ ;
/*!50003 SET character_set_results = @saved_cs_results */ ;
/*!50003 SET collation_connection  = @saved_col_connection */ ;

--
-- Final view structure for view `studentsxstatus`
--

/*!50001 DROP VIEW IF EXISTS `studentsxstatus`*/;
/*!50001 SET @saved_cs_client          = @@character_set_client */;
/*!50001 SET @saved_cs_results         = @@character_set_results */;
/*!50001 SET @saved_col_connection     = @@collation_connection */;
/*!50001 SET character_set_client      = utf8 */;
/*!50001 SET character_set_results     = utf8 */;
/*!50001 SET collation_connection      = utf8_general_ci */;
/*!50001 CREATE ALGORITHM=UNDEFINED */
/*!50013 DEFINER=`root`@`localhost` SQL SECURITY DEFINER */
/*!50001 VIEW `studentsxstatus` AS select `cl`.`student_data_id` AS `students`,`cl`.`status_id` AS `status_id`,`st`.`name` AS `status`,`p`.`name` AS `process` from (((`clasifications` `cl` join `status` `st`) join `student_data` `sd`) join `process` `p`) where ((`cl`.`status_id` = `st`.`id`) and (`cl`.`student_data_id` = `sd`.`id`) and (`sd`.`process_id` = `p`.`id`)) group by `cl`.`status_id`,`cl`.`student_data_id` */;
/*!50001 SET character_set_client      = @saved_cs_client */;
/*!50001 SET character_set_results     = @saved_cs_results */;
/*!50001 SET collation_connection      = @saved_col_connection */;

--
-- Final view structure for view `vcourses`
--

/*!50001 DROP VIEW IF EXISTS `vcourses`*/;
/*!50001 SET @saved_cs_client          = @@character_set_client */;
/*!50001 SET @saved_cs_results         = @@character_set_results */;
/*!50001 SET @saved_col_connection     = @@collation_connection */;
/*!50001 SET character_set_client      = utf8 */;
/*!50001 SET character_set_results     = utf8 */;
/*!50001 SET collation_connection      = utf8_general_ci */;
/*!50001 CREATE ALGORITHM=UNDEFINED */
/*!50013 DEFINER=`root`@`localhost` SQL SECURITY DEFINER */
/*!50001 VIEW `vcourses` AS select `co`.`id` AS `id`,`co`.`name` AS `course`,`dm`.`name` AS `dimension` from (`courses` `co` join `dimensions` `dm` on((`dm`.`id` = `co`.`dimensions_id`))) order by `dm`.`name`,`co`.`name` */;
/*!50001 SET character_set_client      = @saved_cs_client */;
/*!50001 SET character_set_results     = @saved_cs_results */;
/*!50001 SET collation_connection      = @saved_col_connection */;

--
-- Final view structure for view `vnumberofquestions`
--

/*!50001 DROP VIEW IF EXISTS `vnumberofquestions`*/;
/*!50001 SET @saved_cs_client          = @@character_set_client */;
/*!50001 SET @saved_cs_results         = @@character_set_results */;
/*!50001 SET @saved_col_connection     = @@collation_connection */;
/*!50001 SET character_set_client      = utf8 */;
/*!50001 SET character_set_results     = utf8 */;
/*!50001 SET collation_connection      = utf8_general_ci */;
/*!50001 CREATE ALGORITHM=UNDEFINED */
/*!50013 DEFINER=`root`@`localhost` SQL SECURITY DEFINER */
/*!50001 VIEW `vnumberofquestions` AS select `dt`.`courses_id` AS `id`,`ar`.`name` AS `area`,`co`.`name` AS `course`,((`dt`.`dto` - `dt`.`dfrom`) + 1) AS `questions` from ((`distributions` `dt` join `areas` `ar` on((`ar`.`id` = `dt`.`areas_id`))) join `courses` `co` on((`co`.`id` = `dt`.`courses_id`))) */;
/*!50001 SET character_set_client      = @saved_cs_client */;
/*!50001 SET character_set_results     = @saved_cs_results */;
/*!50001 SET collation_connection      = @saved_col_connection */;

--
-- Final view structure for view `vranks`
--

/*!50001 DROP VIEW IF EXISTS `vranks`*/;
/*!50001 SET @saved_cs_client          = @@character_set_client */;
/*!50001 SET @saved_cs_results         = @@character_set_results */;
/*!50001 SET @saved_col_connection     = @@collation_connection */;
/*!50001 SET character_set_client      = utf8 */;
/*!50001 SET character_set_results     = utf8 */;
/*!50001 SET collation_connection      = utf8_general_ci */;
/*!50001 CREATE ALGORITHM=UNDEFINED */
/*!50013 DEFINER=`root`@`localhost` SQL SECURITY DEFINER */
/*!50001 VIEW `vranks` AS select `rk`.`id` AS `id`,`cs`.`id` AS `courseid`,`ar`.`id` AS `areaid`,`pr`.`id` AS `processid`,`cs`.`name` AS `course`,`ar`.`name` AS `area`,`pr`.`name` AS `process`,`rk`.`minimum` AS `minimum`,`rk`.`recommended` AS `recommended` from (((`ranks` `rk` join `courses` `cs` on((`cs`.`id` = `rk`.`courses_id`))) join `areas` `ar` on((`ar`.`id` = `rk`.`areas_id`))) join `process` `pr` on((`pr`.`id` = `rk`.`process_id`))) */;
/*!50001 SET character_set_client      = @saved_cs_client */;
/*!50001 SET character_set_results     = @saved_cs_results */;
/*!50001 SET collation_connection      = @saved_col_connection */;

--
-- Final view structure for view `vstudents`
--

/*!50001 DROP VIEW IF EXISTS `vstudents`*/;
/*!50001 SET @saved_cs_client          = @@character_set_client */;
/*!50001 SET @saved_cs_results         = @@character_set_results */;
/*!50001 SET @saved_col_connection     = @@collation_connection */;
/*!50001 SET character_set_client      = utf8 */;
/*!50001 SET character_set_results     = utf8 */;
/*!50001 SET collation_connection      = utf8_general_ci */;
/*!50001 CREATE ALGORITHM=UNDEFINED */
/*!50013 DEFINER=`root`@`localhost` SQL SECURITY DEFINER */
/*!50001 VIEW `vstudents` AS select `st`.`id` AS `id`,`stdt`.`code` AS `code`,`stdt`.`postulant_code` AS `postulant_code`,`pl`.`dni` AS `dni`,`stdt`.`omg` AS `omg`,`stdt`.`omp` AS `omp`,`stdt`.`score` AS `score`,`pl`.`name` AS `name`,`pl`.`lastname` AS `lastname`,`gd`.`gender` AS `gender`,`pg`.`name` AS `program`,`ar`.`name` AS `area`,`pr`.`name` AS `process`,`stdt`.`good` AS `correct`,`stdt`.`bad` AS `incorrect`,`stdt`.`blank` AS `blank` from ((((((`student_data` `stdt` join `students` `st` on((`st`.`id` = `stdt`.`students_id`))) join `people` `pl` on((`pl`.`id` = `st`.`people_id`))) join `genders` `gd` on((`gd`.`id` = `pl`.`genders_id`))) join `programs` `pg` on((`pg`.`id` = `stdt`.`programs_id`))) join `areas` `ar` on((`ar`.`id` = `pg`.`areas_id`))) join `process` `pr` on((`pr`.`id` = `stdt`.`process_id`))) */;
/*!50001 SET character_set_client      = @saved_cs_client */;
/*!50001 SET character_set_results     = @saved_cs_results */;
/*!50001 SET collation_connection      = @saved_col_connection */;

--
-- Final view structure for view `vusers`
--

/*!50001 DROP VIEW IF EXISTS `vusers`*/;
/*!50001 SET @saved_cs_client          = @@character_set_client */;
/*!50001 SET @saved_cs_results         = @@character_set_results */;
/*!50001 SET @saved_col_connection     = @@collation_connection */;
/*!50001 SET character_set_client      = utf8 */;
/*!50001 SET character_set_results     = utf8 */;
/*!50001 SET collation_connection      = utf8_general_ci */;
/*!50001 CREATE ALGORITHM=UNDEFINED */
/*!50013 DEFINER=`root`@`localhost` SQL SECURITY DEFINER */
/*!50001 VIEW `vusers` AS select `u`.`id` AS `id`,`p`.`dni` AS `dni`,`p`.`lastname` AS `lastname`,`p`.`name` AS `name`,`gd`.`gender` AS `gender`,`ut`.`id` AS `utid`,`ut`.`type` AS `rol`,`u`.`username` AS `username` from (((`users` `u` join `people` `p` on((`p`.`id` = `u`.`people_id`))) join `genders` `gd` on((`gd`.`id` = `p`.`genders_id`))) join `user_type` `ut` on((`ut`.`id` = `u`.`user_type_id`))) */;
/*!50001 SET character_set_client      = @saved_cs_client */;
/*!50001 SET character_set_results     = @saved_cs_results */;
/*!50001 SET collation_connection      = @saved_col_connection */;
/*!40103 SET TIME_ZONE=@OLD_TIME_ZONE */;

/*!40101 SET SQL_MODE=@OLD_SQL_MODE */;
/*!40014 SET FOREIGN_KEY_CHECKS=@OLD_FOREIGN_KEY_CHECKS */;
/*!40014 SET UNIQUE_CHECKS=@OLD_UNIQUE_CHECKS */;
/*!40101 SET CHARACTER_SET_CLIENT=@OLD_CHARACTER_SET_CLIENT */;
/*!40101 SET CHARACTER_SET_RESULTS=@OLD_CHARACTER_SET_RESULTS */;
/*!40101 SET COLLATION_CONNECTION=@OLD_COLLATION_CONNECTION */;
/*!40111 SET SQL_NOTES=@OLD_SQL_NOTES */;

-- Dump completed on 2021-05-08  9:14:06
